Customer_ID,Customer_Name,Segment,Region_ID,Region,City,Industry
C0001,Customer 0001,Mid-Market,R05,Central,Indore,Education
C0002,Customer 0002,SMB,R02,West,Mumbai,Manufacturing
C0003,Customer 0003,SMB,R04,East,Kolkata,Retail
C0004,Customer 0004,Enterprise,R05,Central,Indore,Education
C0005,Customer 0005,SMB,R01,North,Delhi,Retail
C0006,Customer 0006,Enterprise,R01,North,Delhi,Healthcare
C0007,Customer 0007,SMB,R03,South,Bengaluru,Healthcare
C0008,Customer 0008,SMB,R03,South,Bengaluru,Healthcare
C0009,Customer 0009,Mid-Market,R05,Central,Indore,Technology
C0010,Customer 0010,Enterprise,R01,North,Delhi,Retail
C0011,Customer 0011,Mid-Market,R04,East,Kolkata,Retail
C0012,Customer 0012,Enterprise,R05,Central,Indore,Manufacturing
C0013,Customer 0013,Enterprise,R03,South,Bengaluru,Retail
C0014,Customer 0014,SMB,R03,South,Bengaluru,Healthcare
C0015,Customer 0015,SMB,R01,North,Delhi,Technology
C0016,Customer 0016,SMB,R03,South,Bengaluru,Technology
C0017,Customer 0017,SMB,R02,West,Mumbai,Healthcare
C0018,Customer 0018,SMB,R01,North,Delhi,Manufacturing
C0019,Customer 0019,Enterprise,R05,Central,Indore,Education
C0020,Customer 0020,SMB,R03,South,Bengaluru,Manufacturing
C0021,Customer 0021,Enterprise,R05,Central,Indore,Healthcare
C0022,Customer 0022,Mid-Market,R03,South,Bengaluru,Manufacturing
C0023,Customer 0023,Mid-Market,R02,West,Mumbai,Education
C0024,Customer 0024,SMB,R01,North,Delhi,Manufacturing
C0025,Customer 0025,Mid-Market,R04,East,Kolkata,Healthcare
C0026,Customer 0026,Enterprise,R02,West,Mumbai,Manufacturing
C0027,Customer 0027,Enterprise,R01,North,Delhi,Retail
C0028,Customer 0028,SMB,R01,North,Delhi,Healthcare
C0029,Customer 0029,SMB,R01,North,Delhi,Retail
C0030,Customer 0030,Enterprise,R03,South,Bengaluru,Healthcare
C0031,Customer 0031,Mid-Market,R01,North,Delhi,Education
C0032,Customer 0032,Enterprise,R01,North,Delhi,Technology
C0033,Customer 0033,Enterprise,R04,East,Kolkata,Healthcare
C0034,Customer 0034,SMB,R01,North,Delhi,Retail
C0035,Customer 0035,Mid-Market,R02,West,Mumbai,Technology
C0036,Customer 0036,SMB,R03,South,Bengaluru,Education
C0037,Customer 0037,SMB,R01,North,Delhi,Healthcare
C0038,Customer 0038,Mid-Market,R01,North,Delhi,Technology
C0039,Customer 0039,Mid-Market,R04,East,Kolkata,Education
C0040,Customer 0040,SMB,R01,North,Delhi,Healthcare
C0041,Customer 0041,SMB,R02,West,Mumbai,Manufacturing
C0042,Customer 0042,Mid-Market,R02,West,Mumbai,Manufacturing
C0043,Customer 0043,Enterprise,R03,South,Bengaluru,Retail
C0044,Customer 0044,Mid-Market,R05,Central,Indore,Healthcare
C0045,Customer 0045,SMB,R01,North,Delhi,Manufacturing
C0046,Customer 0046,Mid-Market,R03,South,Bengaluru,Education
C0047,Customer 0047,Enterprise,R03,South,Bengaluru,Manufacturing
C0048,Customer 0048,Mid-Market,R03,South,Bengaluru,Healthcare
C0049,Customer 0049,Enterprise,R03,South,Bengaluru,Manufacturing
C0050,Customer 0050,SMB,R01,North,Delhi,Technology
C0051,Customer 0051,Enterprise,R01,North,Delhi,Manufacturing
C0052,Customer 0052,SMB,R01,North,Delhi,Technology
C0053,Customer 0053,Enterprise,R02,West,Mumbai,Manufacturing
C0054,Customer 0054,SMB,R02,West,Mumbai,Manufacturing
C0055,Customer 0055,SMB,R04,East,Kolkata,Technology
C0056,Customer 0056,Mid-Market,R01,North,Delhi,Manufacturing
C0057,Customer 0057,SMB,R05,Central,Indore,Healthcare
C0058,Customer 0058,SMB,R01,North,Delhi,Healthcare
C0059,Customer 0059,Enterprise,R03,South,Bengaluru,Manufacturing
C0060,Customer 0060,Enterprise,R01,North,Delhi,Retail
C0061,Customer 0061,Mid-Market,R04,East,Kolkata,Manufacturing
C0062,Customer 0062,Mid-Market,R03,South,Bengaluru,Retail
C0063,Customer 0063,SMB,R03,South,Bengaluru,Education
C0064,Customer 0064,Mid-Market,R02,West,Mumbai,Technology
C0065,Customer 0065,Mid-Market,R02,West,Mumbai,Healthcare
C0066,Customer 0066,SMB,R05,Central,Indore,Manufacturing
C0067,Customer 0067,SMB,R01,North,Delhi,Education
C0068,Customer 0068,Enterprise,R04,East,Kolkata,Healthcare
C0069,Customer 0069,SMB,R01,North,Delhi,Manufacturing
C0070,Customer 0070,Enterprise,R03,South,Bengaluru,Education
C0071,Customer 0071,Mid-Market,R03,South,Bengaluru,Healthcare
C0072,Customer 0072,Mid-Market,R03,South,Bengaluru,Education
C0073,Customer 0073,Enterprise,R01,North,Delhi,Retail
C0074,Customer 0074,SMB,R05,Central,Indore,Healthcare
C0075,Customer 0075,Enterprise,R04,East,Kolkata,Retail
C0076,Customer 0076,Mid-Market,R01,North,Delhi,Education
C0077,Customer 0077,Mid-Market,R05,Central,Indore,Healthcare
C0078,Customer 0078,SMB,R04,East,Kolkata,Education
C0079,Customer 0079,SMB,R05,Central,Indore,Education
C0080,Customer 0080,SMB,R03,South,Bengaluru,Manufacturing
C0081,Customer 0081,SMB,R05,Central,Indore,Retail
C0082,Customer 0082,Mid-Market,R03,South,Bengaluru,Retail
C0083,Customer 0083,Enterprise,R02,West,Mumbai,Technology
C0084,Customer 0084,Mid-Market,R03,South,Bengaluru,Technology
C0085,Customer 0085,Enterprise,R02,West,Mumbai,Healthcare
C0086,Customer 0086,Mid-Market,R02,West,Mumbai,Technology
C0087,Customer 0087,SMB,R01,North,Delhi,Retail
C0088,Customer 0088,Mid-Market,R03,South,Bengaluru,Education
C0089,Customer 0089,Enterprise,R02,West,Mumbai,Technology
C0090,Customer 0090,Mid-Market,R03,South,Bengaluru,Retail
C0091,Customer 0091,Mid-Market,R05,Central,Indore,Retail
C0092,Customer 0092,SMB,R04,East,Kolkata,Manufacturing
C0093,Customer 0093,Mid-Market,R01,North,Delhi,Manufacturing
C0094,Customer 0094,Enterprise,R03,South,Bengaluru,Manufacturing
C0095,Customer 0095,Mid-Market,R02,West,Mumbai,Healthcare
C0096,Customer 0096,Mid-Market,R01,North,Delhi,Education
C0097,Customer 0097,Mid-Market,R02,West,Mumbai,Retail
C0098,Customer 0098,Mid-Market,R04,East,Kolkata,Healthcare
C0099,Customer 0099,SMB,R04,East,Kolkata,Retail
C0100,Customer 0100,SMB,R05,Central,Indore,Manufacturing
C0101,Customer 0101,Mid-Market,R05,Central,Indore,Healthcare
C0102,Customer 0102,SMB,R04,East,Kolkata,Technology
C0103,Customer 0103,Mid-Market,R04,East,Kolkata,Healthcare
C0104,Customer 0104,Enterprise,R01,North,Delhi,Healthcare
C0105,Customer 0105,Mid-Market,R04,East,Kolkata,Technology
C0106,Customer 0106,Mid-Market,R05,Central,Indore,Education
C0107,Customer 0107,SMB,R01,North,Delhi,Retail
C0108,Customer 0108,Mid-Market,R02,West,Mumbai,Retail
C0109,Customer 0109,Mid-Market,R02,West,Mumbai,Retail
C0110,Customer 0110,SMB,R05,Central,Indore,Retail
C0111,Customer 0111,Enterprise,R05,Central,Indore,Education
C0112,Customer 0112,Enterprise,R05,Central,Indore,Healthcare
C0113,Customer 0113,Mid-Market,R04,East,Kolkata,Healthcare
C0114,Customer 0114,Mid-Market,R05,Central,Indore,Retail
C0115,Customer 0115,Mid-Market,R05,Central,Indore,Manufacturing
C0116,Customer 0116,Enterprise,R05,Central,Indore,Retail
C0117,Customer 0117,SMB,R04,East,Kolkata,Manufacturing
C0118,Customer 0118,Mid-Market,R02,West,Mumbai,Education
C0119,Customer 0119,SMB,R04,East,Kolkata,Education
C0120,Customer 0120,Mid-Market,R02,West,Mumbai,Education
C0121,Customer 0121,Mid-Market,R04,East,Kolkata,Manufacturing
C0122,Customer 0122,Mid-Market,R02,West,Mumbai,Healthcare
C0123,Customer 0123,SMB,R02,West,Mumbai,Education
C0124,Customer 0124,Enterprise,R05,Central,Indore,Technology
C0125,Customer 0125,Enterprise,R01,North,Delhi,Manufacturing
C0126,Customer 0126,Mid-Market,R04,East,Kolkata,Healthcare
C0127,Customer 0127,SMB,R04,East,Kolkata,Retail
C0128,Customer 0128,Enterprise,R05,Central,Indore,Healthcare
C0129,Customer 0129,Enterprise,R05,Central,Indore,Retail
C0130,Customer 0130,Mid-Market,R01,North,Delhi,Healthcare
C0131,Customer 0131,SMB,R04,East,Kolkata,Education
C0132,Customer 0132,Enterprise,R04,East,Kolkata,Technology
C0133,Customer 0133,Enterprise,R05,Central,Indore,Technology
C0134,Customer 0134,Enterprise,R03,South,Bengaluru,Retail
C0135,Customer 0135,SMB,R02,West,Mumbai,Technology
C0136,Customer 0136,Mid-Market,R02,West,Mumbai,Technology
C0137,Customer 0137,SMB,R03,South,Bengaluru,Manufacturing
C0138,Customer 0138,SMB,R02,West,Mumbai,Technology
C0139,Customer 0139,Enterprise,R05,Central,Indore,Education
C0140,Customer 0140,SMB,R04,East,Kolkata,Education
C0141,Customer 0141,SMB,R05,Central,Indore,Manufacturing
C0142,Customer 0142,SMB,R02,West,Mumbai,Retail
C0143,Customer 0143,SMB,R03,South,Bengaluru,Healthcare
C0144,Customer 0144,Mid-Market,R04,East,Kolkata,Retail
C0145,Customer 0145,SMB,R05,Central,Indore,Education
C0146,Customer 0146,Enterprise,R01,North,Delhi,Retail
C0147,Customer 0147,SMB,R01,North,Delhi,Manufacturing
C0148,Customer 0148,Mid-Market,R01,North,Delhi,Education
C0149,Customer 0149,Enterprise,R03,South,Bengaluru,Retail
C0150,Customer 0150,SMB,R04,East,Kolkata,Retail
C0151,Customer 0151,SMB,R03,South,Bengaluru,Manufacturing
C0152,Customer 0152,Enterprise,R04,East,Kolkata,Technology
C0153,Customer 0153,SMB,R05,Central,Indore,Healthcare
C0154,Customer 0154,SMB,R04,East,Kolkata,Manufacturing
C0155,Customer 0155,SMB,R03,South,Bengaluru,Manufacturing
C0156,Customer 0156,Enterprise,R05,Central,Indore,Retail
C0157,Customer 0157,SMB,R05,Central,Indore,Technology
C0158,Customer 0158,Enterprise,R02,West,Mumbai,Technology
C0159,Customer 0159,Enterprise,R05,Central,Indore,Education
C0160,Customer 0160,Enterprise,R03,South,Bengaluru,Technology
C0161,Customer 0161,SMB,R04,East,Kolkata,Technology
C0162,Customer 0162,SMB,R02,West,Mumbai,Education
C0163,Customer 0163,Mid-Market,R05,Central,Indore,Retail
C0164,Customer 0164,Enterprise,R02,West,Mumbai,Technology
C0165,Customer 0165,SMB,R02,West,Mumbai,Education
C0166,Customer 0166,Mid-Market,R05,Central,Indore,Healthcare
C0167,Customer 0167,SMB,R05,Central,Indore,Manufacturing
C0168,Customer 0168,Enterprise,R01,North,Delhi,Retail
C0169,Customer 0169,Mid-Market,R05,Central,Indore,Manufacturing
C0170,Customer 0170,SMB,R03,South,Bengaluru,Manufacturing
C0171,Customer 0171,Mid-Market,R03,South,Bengaluru,Technology
C0172,Customer 0172,Enterprise,R03,South,Bengaluru,Healthcare
C0173,Customer 0173,SMB,R05,Central,Indore,Technology
C0174,Customer 0174,Mid-Market,R04,East,Kolkata,Technology
C0175,Customer 0175,SMB,R04,East,Kolkata,Retail
C0176,Customer 0176,Enterprise,R01,North,Delhi,Education
C0177,Customer 0177,Mid-Market,R04,East,Kolkata,Retail
C0178,Customer 0178,SMB,R04,East,Kolkata,Retail
C0179,Customer 0179,Mid-Market,R01,North,Delhi,Education
C0180,Customer 0180,SMB,R02,West,Mumbai,Education
C0181,Customer 0181,Enterprise,R05,Central,Indore,Education
C0182,Customer 0182,Enterprise,R05,Central,Indore,Manufacturing
C0183,Customer 0183,Enterprise,R05,Central,Indore,Healthcare
C0184,Customer 0184,SMB,R04,East,Kolkata,Technology
C0185,Customer 0185,SMB,R01,North,Delhi,Retail
C0186,Customer 0186,Mid-Market,R05,Central,Indore,Healthcare
C0187,Customer 0187,Enterprise,R01,North,Delhi,Manufacturing
C0188,Customer 0188,Mid-Market,R02,West,Mumbai,Manufacturing
C0189,Customer 0189,SMB,R04,East,Kolkata,Technology
C0190,Customer 0190,Mid-Market,R04,East,Kolkata,Technology
C0191,Customer 0191,Mid-Market,R04,East,Kolkata,Manufacturing
C0192,Customer 0192,SMB,R04,East,Kolkata,Retail
C0193,Customer 0193,Enterprise,R04,East,Kolkata,Retail
C0194,Customer 0194,SMB,R01,North,Delhi,Education
C0195,Customer 0195,SMB,R04,East,Kolkata,Manufacturing
C0196,Customer 0196,SMB,R05,Central,Indore,Healthcare
C0197,Customer 0197,Mid-Market,R05,Central,Indore,Technology
C0198,Customer 0198,SMB,R03,South,Bengaluru,Retail
C0199,Customer 0199,Mid-Market,R02,West,Mumbai,Technology
C0200,Customer 0200,SMB,R03,South,Bengaluru,Education
C0201,Customer 0201,Mid-Market,R01,North,Delhi,Retail
C0202,Customer 0202,Enterprise,R02,West,Mumbai,Retail
C0203,Customer 0203,SMB,R03,South,Bengaluru,Technology
C0204,Customer 0204,Mid-Market,R01,North,Delhi,Healthcare
C0205,Customer 0205,SMB,R03,South,Bengaluru,Education
C0206,Customer 0206,Mid-Market,R01,North,Delhi,Retail
C0207,Customer 0207,Enterprise,R03,South,Bengaluru,Retail
C0208,Customer 0208,Enterprise,R05,Central,Indore,Manufacturing
C0209,Customer 0209,SMB,R01,North,Delhi,Education
C0210,Customer 0210,SMB,R03,South,Bengaluru,Education
C0211,Customer 0211,SMB,R05,Central,Indore,Technology
C0212,Customer 0212,Enterprise,R02,West,Mumbai,Retail
C0213,Customer 0213,Mid-Market,R05,Central,Indore,Retail
C0214,Customer 0214,Enterprise,R01,North,Delhi,Education
C0215,Customer 0215,Mid-Market,R05,Central,Indore,Retail
C0216,Customer 0216,Mid-Market,R01,North,Delhi,Manufacturing
C0217,Customer 0217,Mid-Market,R02,West,Mumbai,Technology
C0218,Customer 0218,Enterprise,R03,South,Bengaluru,Technology
C0219,Customer 0219,SMB,R04,East,Kolkata,Manufacturing
C0220,Customer 0220,Mid-Market,R05,Central,Indore,Healthcare
C0221,Customer 0221,SMB,R01,North,Delhi,Education
C0222,Customer 0222,Mid-Market,R05,Central,Indore,Technology
C0223,Customer 0223,Enterprise,R03,South,Bengaluru,Manufacturing
C0224,Customer 0224,Mid-Market,R02,West,Mumbai,Technology
C0225,Customer 0225,Mid-Market,R02,West,Mumbai,Healthcare
C0226,Customer 0226,Enterprise,R03,South,Bengaluru,Technology
C0227,Customer 0227,SMB,R04,East,Kolkata,Retail
C0228,Customer 0228,Mid-Market,R04,East,Kolkata,Technology
C0229,Customer 0229,SMB,R03,South,Bengaluru,Education
C0230,Customer 0230,Mid-Market,R05,Central,Indore,Retail
C0231,Customer 0231,SMB,R02,West,Mumbai,Manufacturing
C0232,Customer 0232,SMB,R04,East,Kolkata,Technology
C0233,Customer 0233,Mid-Market,R05,Central,Indore,Education
C0234,Customer 0234,Enterprise,R03,South,Bengaluru,Healthcare
C0235,Customer 0235,Enterprise,R03,South,Bengaluru,Retail
C0236,Customer 0236,Mid-Market,R03,South,Bengaluru,Manufacturing
C0237,Customer 0237,SMB,R04,East,Kolkata,Healthcare
C0238,Customer 0238,Enterprise,R03,South,Bengaluru,Education
C0239,Customer 0239,SMB,R02,West,Mumbai,Technology
C0240,Customer 0240,Enterprise,R03,South,Bengaluru,Education
C0241,Customer 0241,Mid-Market,R05,Central,Indore,Manufacturing
C0242,Customer 0242,SMB,R02,West,Mumbai,Education
C0243,Customer 0243,SMB,R01,North,Delhi,Retail
C0244,Customer 0244,Mid-Market,R04,East,Kolkata,Technology
C0245,Customer 0245,Mid-Market,R01,North,Delhi,Technology
C0246,Customer 0246,Enterprise,R05,Central,Indore,Retail
C0247,Customer 0247,SMB,R02,West,Mumbai,Retail
C0248,Customer 0248,Enterprise,R03,South,Bengaluru,Education
C0249,Customer 0249,Mid-Market,R01,North,Delhi,Manufacturing
C0250,Customer 0250,SMB,R01,North,Delhi,Healthcare
C0251,Customer 0251,Enterprise,R05,Central,Indore,Technology
C0252,Customer 0252,Enterprise,R04,East,Kolkata,Technology
C0253,Customer 0253,Mid-Market,R05,Central,Indore,Healthcare
C0254,Customer 0254,Enterprise,R03,South,Bengaluru,Healthcare
C0255,Customer 0255,Enterprise,R03,South,Bengaluru,Manufacturing
C0256,Customer 0256,Mid-Market,R05,Central,Indore,Technology
C0257,Customer 0257,Enterprise,R03,South,Bengaluru,Retail
C0258,Customer 0258,Mid-Market,R05,Central,Indore,Retail
C0259,Customer 0259,Enterprise,R01,North,Delhi,Technology
C0260,Customer 0260,SMB,R04,East,Kolkata,Retail
C0261,Customer 0261,SMB,R05,Central,Indore,Manufacturing
C0262,Customer 0262,Enterprise,R02,West,Mumbai,Retail
C0263,Customer 0263,Mid-Market,R05,Central,Indore,Manufacturing
C0264,Customer 0264,Enterprise,R02,West,Mumbai,Retail
C0265,Customer 0265,Enterprise,R04,East,Kolkata,Technology
C0266,Customer 0266,SMB,R01,North,Delhi,Manufacturing
C0267,Customer 0267,Mid-Market,R02,West,Mumbai,Healthcare
C0268,Customer 0268,SMB,R03,South,Bengaluru,Education
C0269,Customer 0269,SMB,R01,North,Delhi,Education
C0270,Customer 0270,Mid-Market,R05,Central,Indore,Manufacturing
C0271,Customer 0271,Mid-Market,R03,South,Bengaluru,Retail
C0272,Customer 0272,Enterprise,R03,South,Bengaluru,Education
C0273,Customer 0273,Enterprise,R04,East,Kolkata,Technology
C0274,Customer 0274,Enterprise,R04,East,Kolkata,Manufacturing
C0275,Customer 0275,Mid-Market,R01,North,Delhi,Healthcare
C0276,Customer 0276,Mid-Market,R01,North,Delhi,Healthcare
C0277,Customer 0277,Enterprise,R02,West,Mumbai,Education
C0278,Customer 0278,SMB,R04,East,Kolkata,Technology
C0279,Customer 0279,Enterprise,R04,East,Kolkata,Manufacturing
C0280,Customer 0280,SMB,R01,North,Delhi,Manufacturing
C0281,Customer 0281,Mid-Market,R01,North,Delhi,Education
C0282,Customer 0282,Enterprise,R03,South,Bengaluru,Manufacturing
C0283,Customer 0283,Enterprise,R05,Central,Indore,Healthcare
C0284,Customer 0284,Mid-Market,R01,North,Delhi,Technology
C0285,Customer 0285,SMB,R02,West,Mumbai,Technology
C0286,Customer 0286,Mid-Market,R04,East,Kolkata,Education
C0287,Customer 0287,SMB,R02,West,Mumbai,Education
C0288,Customer 0288,SMB,R01,North,Delhi,Retail
C0289,Customer 0289,Enterprise,R03,South,Bengaluru,Healthcare
C0290,Customer 0290,SMB,R01,North,Delhi,Manufacturing
C0291,Customer 0291,Mid-Market,R04,East,Kolkata,Education
C0292,Customer 0292,SMB,R03,South,Bengaluru,Technology
C0293,Customer 0293,Enterprise,R04,East,Kolkata,Healthcare
C0294,Customer 0294,Mid-Market,R01,North,Delhi,Manufacturing
C0295,Customer 0295,Enterprise,R05,Central,Indore,Retail
C0296,Customer 0296,Mid-Market,R05,Central,Indore,Manufacturing
C0297,Customer 0297,SMB,R03,South,Bengaluru,Education
C0298,Customer 0298,Enterprise,R05,Central,Indore,Healthcare
C0299,Customer 0299,Mid-Market,R02,West,Mumbai,Manufacturing
C0300,Customer 0300,SMB,R01,North,Delhi,Technology
C0301,Customer 0301,Mid-Market,R01,North,Delhi,Healthcare
C0302,Customer 0302,Mid-Market,R05,Central,Indore,Retail
C0303,Customer 0303,SMB,R01,North,Delhi,Retail
C0304,Customer 0304,Enterprise,R01,North,Delhi,Technology
C0305,Customer 0305,Enterprise,R05,Central,Indore,Healthcare
C0306,Customer 0306,Enterprise,R03,South,Bengaluru,Healthcare
C0307,Customer 0307,Enterprise,R02,West,Mumbai,Education
C0308,Customer 0308,Mid-Market,R01,North,Delhi,Healthcare
C0309,Customer 0309,SMB,R04,East,Kolkata,Retail
C0310,Customer 0310,SMB,R01,North,Delhi,Education
C0311,Customer 0311,Enterprise,R03,South,Bengaluru,Retail
C0312,Customer 0312,Mid-Market,R04,East,Kolkata,Technology
C0313,Customer 0313,SMB,R02,West,Mumbai,Healthcare
C0314,Customer 0314,SMB,R02,West,Mumbai,Education
C0315,Customer 0315,SMB,R04,East,Kolkata,Manufacturing
C0316,Customer 0316,SMB,R05,Central,Indore,Education
C0317,Customer 0317,SMB,R04,East,Kolkata,Technology
C0318,Customer 0318,Enterprise,R03,South,Bengaluru,Healthcare
C0319,Customer 0319,Mid-Market,R03,South,Bengaluru,Healthcare
C0320,Customer 0320,SMB,R03,South,Bengaluru,Manufacturing
C0321,Customer 0321,Mid-Market,R03,South,Bengaluru,Technology
C0322,Customer 0322,Mid-Market,R02,West,Mumbai,Healthcare
C0323,Customer 0323,Mid-Market,R04,East,Kolkata,Education
C0324,Customer 0324,SMB,R02,West,Mumbai,Retail
C0325,Customer 0325,Enterprise,R04,East,Kolkata,Manufacturing
C0326,Customer 0326,SMB,R04,East,Kolkata,Education
C0327,Customer 0327,SMB,R02,West,Mumbai,Manufacturing
C0328,Customer 0328,SMB,R02,West,Mumbai,Healthcare
C0329,Customer 0329,Mid-Market,R05,Central,Indore,Retail
C0330,Customer 0330,Enterprise,R03,South,Bengaluru,Retail
C0331,Customer 0331,SMB,R05,Central,Indore,Technology
C0332,Customer 0332,Mid-Market,R04,East,Kolkata,Retail
C0333,Customer 0333,Enterprise,R01,North,Delhi,Healthcare
C0334,Customer 0334,Enterprise,R05,Central,Indore,Retail
C0335,Customer 0335,SMB,R05,Central,Indore,Technology
C0336,Customer 0336,SMB,R04,East,Kolkata,Education
C0337,Customer 0337,SMB,R02,West,Mumbai,Healthcare
C0338,Customer 0338,SMB,R04,East,Kolkata,Technology
C0339,Customer 0339,Mid-Market,R03,South,Bengaluru,Technology
C0340,Customer 0340,Enterprise,R02,West,Mumbai,Technology
C0341,Customer 0341,SMB,R03,South,Bengaluru,Healthcare
C0342,Customer 0342,Enterprise,R03,South,Bengaluru,Healthcare
C0343,Customer 0343,Enterprise,R01,North,Delhi,Manufacturing
C0344,Customer 0344,SMB,R05,Central,Indore,Retail
C0345,Customer 0345,Enterprise,R05,Central,Indore,Healthcare
C0346,Customer 0346,Mid-Market,R02,West,Mumbai,Education
C0347,Customer 0347,Enterprise,R01,North,Delhi,Retail
C0348,Customer 0348,SMB,R04,East,Kolkata,Retail
C0349,Customer 0349,Mid-Market,R04,East,Kolkata,Manufacturing
C0350,Customer 0350,SMB,R05,Central,Indore,Retail
C0351,Customer 0351,Mid-Market,R05,Central,Indore,Healthcare
C0352,Customer 0352,Enterprise,R03,South,Bengaluru,Education
C0353,Customer 0353,SMB,R01,North,Delhi,Education
C0354,Customer 0354,Mid-Market,R03,South,Bengaluru,Retail
C0355,Customer 0355,Enterprise,R03,South,Bengaluru,Technology
C0356,Customer 0356,Mid-Market,R02,West,Mumbai,Manufacturing
C0357,Customer 0357,Mid-Market,R01,North,Delhi,Healthcare
C0358,Customer 0358,SMB,R04,East,Kolkata,Education
C0359,Customer 0359,Mid-Market,R03,South,Bengaluru,Technology
C0360,Customer 0360,Mid-Market,R03,South,Bengaluru,Technology
C0361,Customer 0361,SMB,R04,East,Kolkata,Manufacturing
C0362,Customer 0362,Enterprise,R02,West,Mumbai,Education
C0363,Customer 0363,SMB,R01,North,Delhi,Healthcare
C0364,Customer 0364,Enterprise,R03,South,Bengaluru,Education
C0365,Customer 0365,Enterprise,R01,North,Delhi,Education
C0366,Customer 0366,Enterprise,R03,South,Bengaluru,Retail
C0367,Customer 0367,Enterprise,R04,East,Kolkata,Technology
C0368,Customer 0368,Mid-Market,R03,South,Bengaluru,Healthcare
C0369,Customer 0369,SMB,R04,East,Kolkata,Education
C0370,Customer 0370,Enterprise,R02,West,Mumbai,Technology
C0371,Customer 0371,Enterprise,R01,North,Delhi,Education
C0372,Customer 0372,SMB,R03,South,Bengaluru,Healthcare
C0373,Customer 0373,SMB,R04,East,Kolkata,Manufacturing
C0374,Customer 0374,Mid-Market,R02,West,Mumbai,Retail
C0375,Customer 0375,Enterprise,R05,Central,Indore,Technology
C0376,Customer 0376,Enterprise,R02,West,Mumbai,Manufacturing
C0377,Customer 0377,SMB,R04,East,Kolkata,Education
C0378,Customer 0378,Mid-Market,R01,North,Delhi,Education
C0379,Customer 0379,Enterprise,R04,East,Kolkata,Manufacturing
C0380,Customer 0380,Mid-Market,R02,West,Mumbai,Manufacturing
C0381,Customer 0381,Mid-Market,R01,North,Delhi,Healthcare
C0382,Customer 0382,Mid-Market,R01,North,Delhi,Healthcare
C0383,Customer 0383,Mid-Market,R01,North,Delhi,Retail
C0384,Customer 0384,SMB,R02,West,Mumbai,Retail
C0385,Customer 0385,Mid-Market,R01,North,Delhi,Healthcare
C0386,Customer 0386,Mid-Market,R04,East,Kolkata,Technology
C0387,Customer 0387,SMB,R05,Central,Indore,Technology
C0388,Customer 0388,Enterprise,R05,Central,Indore,Technology
C0389,Customer 0389,Mid-Market,R05,Central,Indore,Manufacturing
C0390,Customer 0390,Mid-Market,R01,North,Delhi,Technology
C0391,Customer 0391,SMB,R01,North,Delhi,Retail
C0392,Customer 0392,Enterprise,R02,West,Mumbai,Education
C0393,Customer 0393,Mid-Market,R02,West,Mumbai,Education
C0394,Customer 0394,SMB,R03,South,Bengaluru,Healthcare
C0395,Customer 0395,SMB,R02,West,Mumbai,Retail
C0396,Customer 0396,Enterprise,R05,Central,Indore,Technology
C0397,Customer 0397,SMB,R05,Central,Indore,Technology
C0398,Customer 0398,Mid-Market,R05,Central,Indore,Technology
C0399,Customer 0399,Mid-Market,R02,West,Mumbai,Healthcare
C0400,Customer 0400,Enterprise,R01,North,Delhi,Education
C0401,Customer 0401,Enterprise,R04,East,Kolkata,Technology
C0402,Customer 0402,SMB,R05,Central,Indore,Healthcare
C0403,Customer 0403,SMB,R03,South,Bengaluru,Healthcare
C0404,Customer 0404,Mid-Market,R03,South,Bengaluru,Technology
C0405,Customer 0405,SMB,R05,Central,Indore,Technology
C0406,Customer 0406,Enterprise,R04,East,Kolkata,Manufacturing
C0407,Customer 0407,Enterprise,R03,South,Bengaluru,Manufacturing
C0408,Customer 0408,SMB,R03,South,Bengaluru,Healthcare
C0409,Customer 0409,Enterprise,R05,Central,Indore,Technology
C0410,Customer 0410,Mid-Market,R01,North,Delhi,Technology
C0411,Customer 0411,SMB,R05,Central,Indore,Retail
C0412,Customer 0412,SMB,R01,North,Delhi,Retail
C0413,Customer 0413,Enterprise,R05,Central,Indore,Technology
C0414,Customer 0414,Enterprise,R01,North,Delhi,Healthcare
C0415,Customer 0415,Mid-Market,R03,South,Bengaluru,Education
C0416,Customer 0416,Enterprise,R04,East,Kolkata,Technology
C0417,Customer 0417,Enterprise,R04,East,Kolkata,Education
C0418,Customer 0418,Enterprise,R04,East,Kolkata,Healthcare
C0419,Customer 0419,SMB,R01,North,Delhi,Retail
C0420,Customer 0420,SMB,R02,West,Mumbai,Retail
C0421,Customer 0421,Mid-Market,R04,East,Kolkata,Healthcare
C0422,Customer 0422,SMB,R05,Central,Indore,Education
C0423,Customer 0423,Mid-Market,R01,North,Delhi,Retail
C0424,Customer 0424,Enterprise,R04,East,Kolkata,Healthcare
C0425,Customer 0425,SMB,R02,West,Mumbai,Education
C0426,Customer 0426,Enterprise,R02,West,Mumbai,Technology
C0427,Customer 0427,Enterprise,R01,North,Delhi,Technology
C0428,Customer 0428,Mid-Market,R05,Central,Indore,Technology
C0429,Customer 0429,Enterprise,R05,Central,Indore,Retail
C0430,Customer 0430,Mid-Market,R03,South,Bengaluru,Healthcare
C0431,Customer 0431,Mid-Market,R05,Central,Indore,Manufacturing
C0432,Customer 0432,Mid-Market,R03,South,Bengaluru,Healthcare
C0433,Customer 0433,Enterprise,R02,West,Mumbai,Retail
C0434,Customer 0434,SMB,R03,South,Bengaluru,Technology
C0435,Customer 0435,SMB,R03,South,Bengaluru,Healthcare
C0436,Customer 0436,Enterprise,R02,West,Mumbai,Manufacturing
C0437,Customer 0437,SMB,R01,North,Delhi,Retail
C0438,Customer 0438,Mid-Market,R05,Central,Indore,Retail
C0439,Customer 0439,Mid-Market,R05,Central,Indore,Manufacturing
C0440,Customer 0440,Enterprise,R02,West,Mumbai,Healthcare
C0441,Customer 0441,Mid-Market,R02,West,Mumbai,Healthcare
C0442,Customer 0442,SMB,R05,Central,Indore,Technology
C0443,Customer 0443,Enterprise,R03,South,Bengaluru,Manufacturing
C0444,Customer 0444,Mid-Market,R05,Central,Indore,Retail
C0445,Customer 0445,Mid-Market,R05,Central,Indore,Education
C0446,Customer 0446,SMB,R04,East,Kolkata,Manufacturing
C0447,Customer 0447,Mid-Market,R01,North,Delhi,Retail
C0448,Customer 0448,SMB,R04,East,Kolkata,Retail
C0449,Customer 0449,Enterprise,R01,North,Delhi,Education
C0450,Customer 0450,Mid-Market,R02,West,Mumbai,Education
C0451,Customer 0451,SMB,R01,North,Delhi,Education
C0452,Customer 0452,Enterprise,R01,North,Delhi,Retail
C0453,Customer 0453,Enterprise,R01,North,Delhi,Technology
C0454,Customer 0454,SMB,R05,Central,Indore,Education
C0455,Customer 0455,Mid-Market,R03,South,Bengaluru,Healthcare
C0456,Customer 0456,Mid-Market,R05,Central,Indore,Retail
C0457,Customer 0457,Enterprise,R04,East,Kolkata,Manufacturing
C0458,Customer 0458,Enterprise,R05,Central,Indore,Education
C0459,Customer 0459,SMB,R03,South,Bengaluru,Technology
C0460,Customer 0460,Mid-Market,R03,South,Bengaluru,Retail
C0461,Customer 0461,SMB,R02,West,Mumbai,Retail
C0462,Customer 0462,Enterprise,R02,West,Mumbai,Education
C0463,Customer 0463,Mid-Market,R05,Central,Indore,Retail
C0464,Customer 0464,Enterprise,R01,North,Delhi,Manufacturing
C0465,Customer 0465,SMB,R02,West,Mumbai,Education
C0466,Customer 0466,Mid-Market,R03,South,Bengaluru,Healthcare
C0467,Customer 0467,Mid-Market,R02,West,Mumbai,Retail
C0468,Customer 0468,Enterprise,R03,South,Bengaluru,Education
C0469,Customer 0469,Enterprise,R05,Central,Indore,Retail
C0470,Customer 0470,Mid-Market,R01,North,Delhi,Education
C0471,Customer 0471,Enterprise,R02,West,Mumbai,Retail
C0472,Customer 0472,Enterprise,R03,South,Bengaluru,Manufacturing
C0473,Customer 0473,SMB,R05,Central,Indore,Healthcare
C0474,Customer 0474,Mid-Market,R01,North,Delhi,Manufacturing
C0475,Customer 0475,SMB,R02,West,Mumbai,Retail
C0476,Customer 0476,Enterprise,R05,Central,Indore,Healthcare
C0477,Customer 0477,Enterprise,R02,West,Mumbai,Healthcare
C0478,Customer 0478,Mid-Market,R05,Central,Indore,Technology
C0479,Customer 0479,SMB,R05,Central,Indore,Manufacturing
C0480,Customer 0480,SMB,R05,Central,Indore,Retail
C0481,Customer 0481,SMB,R02,West,Mumbai,Education
C0482,Customer 0482,Mid-Market,R03,South,Bengaluru,Healthcare
C0483,Customer 0483,Enterprise,R02,West,Mumbai,Education
C0484,Customer 0484,SMB,R05,Central,Indore,Healthcare
C0485,Customer 0485,SMB,R04,East,Kolkata,Healthcare
C0486,Customer 0486,SMB,R03,South,Bengaluru,Education
C0487,Customer 0487,SMB,R03,South,Bengaluru,Retail
C0488,Customer 0488,Mid-Market,R05,Central,Indore,Manufacturing
C0489,Customer 0489,Mid-Market,R03,South,Bengaluru,Manufacturing
C0490,Customer 0490,Enterprise,R05,Central,Indore,Education
C0491,Customer 0491,SMB,R02,West,Mumbai,Healthcare
C0492,Customer 0492,Mid-Market,R02,West,Mumbai,Healthcare
C0493,Customer 0493,Mid-Market,R05,Central,Indore,Technology
C0494,Customer 0494,Mid-Market,R04,East,Kolkata,Education
C0495,Customer 0495,Enterprise,R05,Central,Indore,Technology
C0496,Customer 0496,Mid-Market,R05,Central,Indore,Healthcare
C0497,Customer 0497,SMB,R01,North,Delhi,Retail
C0498,Customer 0498,SMB,R02,West,Mumbai,Healthcare
C0499,Customer 0499,Mid-Market,R03,South,Bengaluru,Technology
C0500,Customer 0500,Mid-Market,R01,North,Delhi,Manufacturing
C0501,Customer 0501,Enterprise,R04,East,Kolkata,Education
C0502,Customer 0502,Mid-Market,R05,Central,Indore,Manufacturing
C0503,Customer 0503,Mid-Market,R04,East,Kolkata,Manufacturing
C0504,Customer 0504,SMB,R03,South,Bengaluru,Manufacturing
C0505,Customer 0505,Mid-Market,R01,North,Delhi,Retail
C0506,Customer 0506,Enterprise,R02,West,Mumbai,Technology
C0507,Customer 0507,Mid-Market,R02,West,Mumbai,Education
C0508,Customer 0508,Enterprise,R04,East,Kolkata,Healthcare
C0509,Customer 0509,SMB,R04,East,Kolkata,Manufacturing
C0510,Customer 0510,Enterprise,R05,Central,Indore,Retail
C0511,Customer 0511,Enterprise,R03,South,Bengaluru,Technology
C0512,Customer 0512,Mid-Market,R02,West,Mumbai,Technology
C0513,Customer 0513,SMB,R05,Central,Indore,Healthcare
C0514,Customer 0514,SMB,R05,Central,Indore,Education
C0515,Customer 0515,Enterprise,R05,Central,Indore,Manufacturing
C0516,Customer 0516,Enterprise,R02,West,Mumbai,Manufacturing
C0517,Customer 0517,Enterprise,R03,South,Bengaluru,Healthcare
C0518,Customer 0518,Mid-Market,R01,North,Delhi,Manufacturing
C0519,Customer 0519,SMB,R04,East,Kolkata,Education
C0520,Customer 0520,Enterprise,R05,Central,Indore,Manufacturing
C0521,Customer 0521,SMB,R03,South,Bengaluru,Education
C0522,Customer 0522,Enterprise,R03,South,Bengaluru,Retail
C0523,Customer 0523,Mid-Market,R02,West,Mumbai,Technology
C0524,Customer 0524,Enterprise,R05,Central,Indore,Retail
C0525,Customer 0525,Mid-Market,R01,North,Delhi,Manufacturing
C0526,Customer 0526,Mid-Market,R03,South,Bengaluru,Retail
C0527,Customer 0527,SMB,R01,North,Delhi,Education
C0528,Customer 0528,Mid-Market,R03,South,Bengaluru,Technology
C0529,Customer 0529,Enterprise,R04,East,Kolkata,Healthcare
C0530,Customer 0530,SMB,R05,Central,Indore,Manufacturing
C0531,Customer 0531,Enterprise,R02,West,Mumbai,Manufacturing
C0532,Customer 0532,Mid-Market,R01,North,Delhi,Retail
C0533,Customer 0533,SMB,R04,East,Kolkata,Retail
C0534,Customer 0534,Enterprise,R04,East,Kolkata,Education
C0535,Customer 0535,Mid-Market,R05,Central,Indore,Healthcare
C0536,Customer 0536,SMB,R05,Central,Indore,Education
C0537,Customer 0537,Mid-Market,R02,West,Mumbai,Technology
C0538,Customer 0538,SMB,R03,South,Bengaluru,Retail
C0539,Customer 0539,Mid-Market,R01,North,Delhi,Retail
C0540,Customer 0540,Mid-Market,R03,South,Bengaluru,Healthcare
C0541,Customer 0541,SMB,R01,North,Delhi,Manufacturing
C0542,Customer 0542,Mid-Market,R01,North,Delhi,Manufacturing
C0543,Customer 0543,SMB,R04,East,Kolkata,Technology
C0544,Customer 0544,SMB,R02,West,Mumbai,Technology
C0545,Customer 0545,SMB,R01,North,Delhi,Retail
C0546,Customer 0546,Mid-Market,R05,Central,Indore,Retail
C0547,Customer 0547,Mid-Market,R05,Central,Indore,Technology
C0548,Customer 0548,Mid-Market,R02,West,Mumbai,Technology
C0549,Customer 0549,Enterprise,R02,West,Mumbai,Technology
C0550,Customer 0550,Enterprise,R02,West,Mumbai,Manufacturing
C0551,Customer 0551,Enterprise,R01,North,Delhi,Education
C0552,Customer 0552,Enterprise,R03,South,Bengaluru,Retail
C0553,Customer 0553,Enterprise,R01,North,Delhi,Retail
C0554,Customer 0554,Mid-Market,R02,West,Mumbai,Manufacturing
C0555,Customer 0555,Mid-Market,R04,East,Kolkata,Healthcare
C0556,Customer 0556,Mid-Market,R03,South,Bengaluru,Technology
C0557,Customer 0557,Enterprise,R02,West,Mumbai,Healthcare
C0558,Customer 0558,Mid-Market,R01,North,Delhi,Healthcare
C0559,Customer 0559,Mid-Market,R02,West,Mumbai,Manufacturing
C0560,Customer 0560,SMB,R04,East,Kolkata,Retail
C0561,Customer 0561,Enterprise,R05,Central,Indore,Technology
C0562,Customer 0562,Enterprise,R03,South,Bengaluru,Manufacturing
C0563,Customer 0563,SMB,R05,Central,Indore,Education
C0564,Customer 0564,Mid-Market,R03,South,Bengaluru,Technology
C0565,Customer 0565,Mid-Market,R03,South,Bengaluru,Education
C0566,Customer 0566,Enterprise,R01,North,Delhi,Healthcare
C0567,Customer 0567,Mid-Market,R04,East,Kolkata,Healthcare
C0568,Customer 0568,SMB,R03,South,Bengaluru,Education
C0569,Customer 0569,Enterprise,R01,North,Delhi,Manufacturing
C0570,Customer 0570,Mid-Market,R01,North,Delhi,Education
C0571,Customer 0571,SMB,R02,West,Mumbai,Manufacturing
C0572,Customer 0572,Mid-Market,R05,Central,Indore,Manufacturing
C0573,Customer 0573,Mid-Market,R04,East,Kolkata,Retail
C0574,Customer 0574,SMB,R03,South,Bengaluru,Manufacturing
C0575,Customer 0575,SMB,R02,West,Mumbai,Technology
C0576,Customer 0576,Mid-Market,R04,East,Kolkata,Technology
C0577,Customer 0577,Mid-Market,R04,East,Kolkata,Technology
C0578,Customer 0578,Enterprise,R03,South,Bengaluru,Technology
C0579,Customer 0579,Enterprise,R05,Central,Indore,Education
C0580,Customer 0580,SMB,R02,West,Mumbai,Retail
C0581,Customer 0581,Mid-Market,R03,South,Bengaluru,Manufacturing
C0582,Customer 0582,Mid-Market,R02,West,Mumbai,Technology
C0583,Customer 0583,SMB,R05,Central,Indore,Education
C0584,Customer 0584,Mid-Market,R01,North,Delhi,Manufacturing
C0585,Customer 0585,Enterprise,R05,Central,Indore,Retail
C0586,Customer 0586,Mid-Market,R04,East,Kolkata,Retail
C0587,Customer 0587,SMB,R03,South,Bengaluru,Retail
C0588,Customer 0588,Mid-Market,R04,East,Kolkata,Healthcare
C0589,Customer 0589,SMB,R05,Central,Indore,Retail
C0590,Customer 0590,SMB,R04,East,Kolkata,Healthcare
C0591,Customer 0591,Enterprise,R02,West,Mumbai,Technology
C0592,Customer 0592,Mid-Market,R05,Central,Indore,Manufacturing
C0593,Customer 0593,SMB,R01,North,Delhi,Education
C0594,Customer 0594,Enterprise,R04,East,Kolkata,Manufacturing
C0595,Customer 0595,SMB,R01,North,Delhi,Manufacturing
C0596,Customer 0596,SMB,R04,East,Kolkata,Healthcare
C0597,Customer 0597,Enterprise,R05,Central,Indore,Education
C0598,Customer 0598,SMB,R04,East,Kolkata,Retail
C0599,Customer 0599,Enterprise,R01,North,Delhi,Manufacturing
C0600,Customer 0600,SMB,R03,South,Bengaluru,Manufacturing
C0601,Customer 0601,Mid-Market,R02,West,Mumbai,Technology
C0602,Customer 0602,Enterprise,R01,North,Delhi,Education
C0603,Customer 0603,Mid-Market,R04,East,Kolkata,Education
C0604,Customer 0604,Enterprise,R01,North,Delhi,Healthcare
C0605,Customer 0605,SMB,R05,Central,Indore,Healthcare
C0606,Customer 0606,SMB,R05,Central,Indore,Retail
C0607,Customer 0607,Mid-Market,R03,South,Bengaluru,Manufacturing
C0608,Customer 0608,SMB,R02,West,Mumbai,Technology
C0609,Customer 0609,Enterprise,R03,South,Bengaluru,Technology
C0610,Customer 0610,Mid-Market,R01,North,Delhi,Education
C0611,Customer 0611,Enterprise,R01,North,Delhi,Healthcare
C0612,Customer 0612,Enterprise,R02,West,Mumbai,Manufacturing
C0613,Customer 0613,Enterprise,R04,East,Kolkata,Education
C0614,Customer 0614,Mid-Market,R04,East,Kolkata,Technology
C0615,Customer 0615,Enterprise,R04,East,Kolkata,Technology
C0616,Customer 0616,SMB,R05,Central,Indore,Education
C0617,Customer 0617,Enterprise,R05,Central,Indore,Technology
C0618,Customer 0618,Enterprise,R01,North,Delhi,Technology
C0619,Customer 0619,Mid-Market,R03,South,Bengaluru,Technology
C0620,Customer 0620,SMB,R02,West,Mumbai,Technology
C0621,Customer 0621,Enterprise,R01,North,Delhi,Retail
C0622,Customer 0622,SMB,R04,East,Kolkata,Retail
C0623,Customer 0623,Enterprise,R03,South,Bengaluru,Education
C0624,Customer 0624,SMB,R05,Central,Indore,Technology
C0625,Customer 0625,Mid-Market,R04,East,Kolkata,Technology
C0626,Customer 0626,SMB,R01,North,Delhi,Retail
C0627,Customer 0627,SMB,R01,North,Delhi,Retail
C0628,Customer 0628,SMB,R05,Central,Indore,Retail
C0629,Customer 0629,Mid-Market,R03,South,Bengaluru,Education
C0630,Customer 0630,Mid-Market,R04,East,Kolkata,Healthcare
C0631,Customer 0631,Mid-Market,R02,West,Mumbai,Education
C0632,Customer 0632,Enterprise,R01,North,Delhi,Healthcare
C0633,Customer 0633,Enterprise,R05,Central,Indore,Retail
C0634,Customer 0634,SMB,R01,North,Delhi,Retail
C0635,Customer 0635,Mid-Market,R04,East,Kolkata,Education
C0636,Customer 0636,SMB,R03,South,Bengaluru,Retail
C0637,Customer 0637,SMB,R01,North,Delhi,Retail
C0638,Customer 0638,Mid-Market,R03,South,Bengaluru,Technology
C0639,Customer 0639,Enterprise,R03,South,Bengaluru,Technology
C0640,Customer 0640,Mid-Market,R02,West,Mumbai,Retail
C0641,Customer 0641,SMB,R03,South,Bengaluru,Technology
C0642,Customer 0642,Mid-Market,R02,West,Mumbai,Manufacturing
C0643,Customer 0643,SMB,R05,Central,Indore,Technology
C0644,Customer 0644,SMB,R01,North,Delhi,Technology
C0645,Customer 0645,Enterprise,R05,Central,Indore,Manufacturing
C0646,Customer 0646,Enterprise,R04,East,Kolkata,Healthcare
C0647,Customer 0647,Enterprise,R02,West,Mumbai,Healthcare
C0648,Customer 0648,SMB,R05,Central,Indore,Healthcare
C0649,Customer 0649,Enterprise,R05,Central,Indore,Retail
C0650,Customer 0650,Enterprise,R04,East,Kolkata,Healthcare
C0651,Customer 0651,SMB,R04,East,Kolkata,Education
C0652,Customer 0652,Mid-Market,R03,South,Bengaluru,Education
C0653,Customer 0653,SMB,R04,East,Kolkata,Manufacturing
C0654,Customer 0654,SMB,R03,South,Bengaluru,Manufacturing
C0655,Customer 0655,Mid-Market,R03,South,Bengaluru,Manufacturing
C0656,Customer 0656,Mid-Market,R02,West,Mumbai,Retail
C0657,Customer 0657,Mid-Market,R05,Central,Indore,Retail
C0658,Customer 0658,Enterprise,R03,South,Bengaluru,Manufacturing
C0659,Customer 0659,Enterprise,R02,West,Mumbai,Education
C0660,Customer 0660,Mid-Market,R01,North,Delhi,Education
C0661,Customer 0661,Mid-Market,R02,West,Mumbai,Retail
C0662,Customer 0662,SMB,R04,East,Kolkata,Technology
C0663,Customer 0663,SMB,R03,South,Bengaluru,Education
C0664,Customer 0664,SMB,R04,East,Kolkata,Technology
C0665,Customer 0665,Enterprise,R01,North,Delhi,Technology
C0666,Customer 0666,SMB,R02,West,Mumbai,Education
C0667,Customer 0667,SMB,R02,West,Mumbai,Technology
C0668,Customer 0668,SMB,R03,South,Bengaluru,Manufacturing
C0669,Customer 0669,Enterprise,R02,West,Mumbai,Manufacturing
C0670,Customer 0670,Enterprise,R04,East,Kolkata,Technology
C0671,Customer 0671,Mid-Market,R01,North,Delhi,Healthcare
C0672,Customer 0672,Mid-Market,R04,East,Kolkata,Retail
C0673,Customer 0673,SMB,R02,West,Mumbai,Retail
C0674,Customer 0674,Mid-Market,R03,South,Bengaluru,Retail
C0675,Customer 0675,SMB,R05,Central,Indore,Education
C0676,Customer 0676,Enterprise,R03,South,Bengaluru,Healthcare
C0677,Customer 0677,SMB,R02,West,Mumbai,Education
C0678,Customer 0678,SMB,R05,Central,Indore,Retail
C0679,Customer 0679,Enterprise,R02,West,Mumbai,Education
C0680,Customer 0680,Enterprise,R02,West,Mumbai,Technology
C0681,Customer 0681,Enterprise,R05,Central,Indore,Retail
C0682,Customer 0682,Enterprise,R01,North,Delhi,Manufacturing
C0683,Customer 0683,Mid-Market,R03,South,Bengaluru,Technology
C0684,Customer 0684,Mid-Market,R05,Central,Indore,Manufacturing
C0685,Customer 0685,SMB,R05,Central,Indore,Manufacturing
C0686,Customer 0686,SMB,R03,South,Bengaluru,Retail
C0687,Customer 0687,Mid-Market,R03,South,Bengaluru,Retail
C0688,Customer 0688,SMB,R04,East,Kolkata,Retail
C0689,Customer 0689,Mid-Market,R04,East,Kolkata,Manufacturing
C0690,Customer 0690,Enterprise,R05,Central,Indore,Education
C0691,Customer 0691,Enterprise,R02,West,Mumbai,Manufacturing
C0692,Customer 0692,Mid-Market,R05,Central,Indore,Healthcare
C0693,Customer 0693,Enterprise,R02,West,Mumbai,Manufacturing
C0694,Customer 0694,Mid-Market,R02,West,Mumbai,Retail
C0695,Customer 0695,Mid-Market,R03,South,Bengaluru,Manufacturing
C0696,Customer 0696,Mid-Market,R04,East,Kolkata,Manufacturing
C0697,Customer 0697,SMB,R05,Central,Indore,Education
C0698,Customer 0698,Enterprise,R01,North,Delhi,Technology
C0699,Customer 0699,Enterprise,R01,North,Delhi,Manufacturing
C0700,Customer 0700,Enterprise,R01,North,Delhi,Education
C0701,Customer 0701,Enterprise,R04,East,Kolkata,Education
C0702,Customer 0702,SMB,R04,East,Kolkata,Retail
C0703,Customer 0703,Mid-Market,R05,Central,Indore,Technology
C0704,Customer 0704,SMB,R01,North,Delhi,Manufacturing
C0705,Customer 0705,Mid-Market,R04,East,Kolkata,Education
C0706,Customer 0706,SMB,R04,East,Kolkata,Technology
C0707,Customer 0707,Mid-Market,R05,Central,Indore,Retail
C0708,Customer 0708,Mid-Market,R05,Central,Indore,Healthcare
C0709,Customer 0709,SMB,R01,North,Delhi,Retail
C0710,Customer 0710,Enterprise,R03,South,Bengaluru,Manufacturing
C0711,Customer 0711,Mid-Market,R02,West,Mumbai,Healthcare
C0712,Customer 0712,Enterprise,R03,South,Bengaluru,Manufacturing
C0713,Customer 0713,Mid-Market,R05,Central,Indore,Manufacturing
C0714,Customer 0714,Mid-Market,R01,North,Delhi,Technology
C0715,Customer 0715,Enterprise,R05,Central,Indore,Technology
C0716,Customer 0716,Enterprise,R03,South,Bengaluru,Manufacturing
C0717,Customer 0717,Enterprise,R01,North,Delhi,Education
C0718,Customer 0718,Mid-Market,R03,South,Bengaluru,Healthcare
C0719,Customer 0719,Enterprise,R02,West,Mumbai,Technology
C0720,Customer 0720,Mid-Market,R04,East,Kolkata,Technology
C0721,Customer 0721,Mid-Market,R01,North,Delhi,Retail
C0722,Customer 0722,Mid-Market,R05,Central,Indore,Retail
C0723,Customer 0723,Enterprise,R04,East,Kolkata,Retail
C0724,Customer 0724,Enterprise,R05,Central,Indore,Healthcare
C0725,Customer 0725,Mid-Market,R01,North,Delhi,Retail
C0726,Customer 0726,SMB,R05,Central,Indore,Technology
C0727,Customer 0727,Mid-Market,R05,Central,Indore,Manufacturing
C0728,Customer 0728,Enterprise,R01,North,Delhi,Manufacturing
C0729,Customer 0729,SMB,R05,Central,Indore,Manufacturing
C0730,Customer 0730,SMB,R02,West,Mumbai,Manufacturing
C0731,Customer 0731,Enterprise,R05,Central,Indore,Technology
C0732,Customer 0732,Enterprise,R04,East,Kolkata,Healthcare
C0733,Customer 0733,SMB,R03,South,Bengaluru,Healthcare
C0734,Customer 0734,Mid-Market,R02,West,Mumbai,Retail
C0735,Customer 0735,Mid-Market,R02,West,Mumbai,Healthcare
C0736,Customer 0736,SMB,R02,West,Mumbai,Retail
C0737,Customer 0737,SMB,R03,South,Bengaluru,Healthcare
C0738,Customer 0738,SMB,R05,Central,Indore,Manufacturing
C0739,Customer 0739,Enterprise,R03,South,Bengaluru,Manufacturing
C0740,Customer 0740,Enterprise,R01,North,Delhi,Retail
C0741,Customer 0741,Enterprise,R05,Central,Indore,Manufacturing
C0742,Customer 0742,SMB,R04,East,Kolkata,Manufacturing
C0743,Customer 0743,Mid-Market,R04,East,Kolkata,Technology
C0744,Customer 0744,Enterprise,R05,Central,Indore,Education
C0745,Customer 0745,Enterprise,R03,South,Bengaluru,Healthcare
C0746,Customer 0746,Mid-Market,R04,East,Kolkata,Education
C0747,Customer 0747,Mid-Market,R05,Central,Indore,Education
C0748,Customer 0748,Mid-Market,R02,West,Mumbai,Healthcare
C0749,Customer 0749,Mid-Market,R05,Central,Indore,Education
C0750,Customer 0750,Enterprise,R02,West,Mumbai,Technology
C0751,Customer 0751,SMB,R05,Central,Indore,Education
C0752,Customer 0752,Mid-Market,R05,Central,Indore,Technology
C0753,Customer 0753,SMB,R05,Central,Indore,Education
C0754,Customer 0754,SMB,R02,West,Mumbai,Education
C0755,Customer 0755,SMB,R04,East,Kolkata,Healthcare
C0756,Customer 0756,Enterprise,R01,North,Delhi,Education
C0757,Customer 0757,Enterprise,R04,East,Kolkata,Education
C0758,Customer 0758,Mid-Market,R02,West,Mumbai,Manufacturing
C0759,Customer 0759,Mid-Market,R02,West,Mumbai,Healthcare
C0760,Customer 0760,SMB,R01,North,Delhi,Manufacturing
C0761,Customer 0761,Mid-Market,R05,Central,Indore,Technology
C0762,Customer 0762,Mid-Market,R05,Central,Indore,Education
C0763,Customer 0763,SMB,R01,North,Delhi,Retail
C0764,Customer 0764,SMB,R01,North,Delhi,Retail
C0765,Customer 0765,SMB,R02,West,Mumbai,Retail
C0766,Customer 0766,Mid-Market,R02,West,Mumbai,Technology
C0767,Customer 0767,SMB,R04,East,Kolkata,Manufacturing
C0768,Customer 0768,Enterprise,R03,South,Bengaluru,Technology
C0769,Customer 0769,Mid-Market,R03,South,Bengaluru,Retail
C0770,Customer 0770,Enterprise,R01,North,Delhi,Education
C0771,Customer 0771,SMB,R03,South,Bengaluru,Manufacturing
C0772,Customer 0772,Enterprise,R01,North,Delhi,Education
C0773,Customer 0773,SMB,R05,Central,Indore,Healthcare
C0774,Customer 0774,SMB,R01,North,Delhi,Healthcare
C0775,Customer 0775,SMB,R03,South,Bengaluru,Education
C0776,Customer 0776,SMB,R04,East,Kolkata,Technology
C0777,Customer 0777,Enterprise,R04,East,Kolkata,Manufacturing
C0778,Customer 0778,Enterprise,R03,South,Bengaluru,Healthcare
C0779,Customer 0779,Enterprise,R04,East,Kolkata,Healthcare
C0780,Customer 0780,SMB,R02,West,Mumbai,Education
C0781,Customer 0781,Mid-Market,R02,West,Mumbai,Manufacturing
C0782,Customer 0782,Enterprise,R01,North,Delhi,Retail
C0783,Customer 0783,Mid-Market,R01,North,Delhi,Technology
C0784,Customer 0784,SMB,R03,South,Bengaluru,Manufacturing
C0785,Customer 0785,Mid-Market,R04,East,Kolkata,Retail
C0786,Customer 0786,SMB,R01,North,Delhi,Technology
C0787,Customer 0787,Mid-Market,R02,West,Mumbai,Education
C0788,Customer 0788,Enterprise,R04,East,Kolkata,Technology
C0789,Customer 0789,SMB,R05,Central,Indore,Manufacturing
C0790,Customer 0790,Enterprise,R02,West,Mumbai,Technology
C0791,Customer 0791,Mid-Market,R01,North,Delhi,Retail
C0792,Customer 0792,Enterprise,R01,North,Delhi,Manufacturing
C0793,Customer 0793,SMB,R02,West,Mumbai,Technology
C0794,Customer 0794,Mid-Market,R04,East,Kolkata,Manufacturing
C0795,Customer 0795,Enterprise,R05,Central,Indore,Retail
C0796,Customer 0796,Enterprise,R05,Central,Indore,Technology
C0797,Customer 0797,SMB,R01,North,Delhi,Technology
C0798,Customer 0798,SMB,R05,Central,Indore,Education
C0799,Customer 0799,Enterprise,R04,East,Kolkata,Healthcare
C0800,Customer 0800,Mid-Market,R01,North,Delhi,Manufacturing
C0801,Customer 0801,SMB,R05,Central,Indore,Technology
C0802,Customer 0802,SMB,R02,West,Mumbai,Education
C0803,Customer 0803,Enterprise,R04,East,Kolkata,Technology
C0804,Customer 0804,Enterprise,R03,South,Bengaluru,Manufacturing
C0805,Customer 0805,Mid-Market,R05,Central,Indore,Healthcare
C0806,Customer 0806,SMB,R05,Central,Indore,Retail
C0807,Customer 0807,Enterprise,R03,South,Bengaluru,Healthcare
C0808,Customer 0808,Mid-Market,R05,Central,Indore,Manufacturing
C0809,Customer 0809,SMB,R01,North,Delhi,Technology
C0810,Customer 0810,SMB,R02,West,Mumbai,Manufacturing
C0811,Customer 0811,Enterprise,R05,Central,Indore,Retail
C0812,Customer 0812,Enterprise,R04,East,Kolkata,Technology
C0813,Customer 0813,Enterprise,R02,West,Mumbai,Retail
C0814,Customer 0814,SMB,R02,West,Mumbai,Healthcare
C0815,Customer 0815,Mid-Market,R03,South,Bengaluru,Retail
C0816,Customer 0816,SMB,R05,Central,Indore,Manufacturing
C0817,Customer 0817,Mid-Market,R04,East,Kolkata,Technology
C0818,Customer 0818,Mid-Market,R02,West,Mumbai,Manufacturing
C0819,Customer 0819,Mid-Market,R01,North,Delhi,Retail
C0820,Customer 0820,SMB,R02,West,Mumbai,Retail
C0821,Customer 0821,Enterprise,R04,East,Kolkata,Healthcare
C0822,Customer 0822,SMB,R03,South,Bengaluru,Technology
C0823,Customer 0823,Enterprise,R04,East,Kolkata,Education
C0824,Customer 0824,Mid-Market,R04,East,Kolkata,Healthcare
C0825,Customer 0825,SMB,R02,West,Mumbai,Education
C0826,Customer 0826,Mid-Market,R05,Central,Indore,Manufacturing
C0827,Customer 0827,SMB,R04,East,Kolkata,Education
C0828,Customer 0828,SMB,R04,East,Kolkata,Manufacturing
C0829,Customer 0829,Mid-Market,R05,Central,Indore,Healthcare
C0830,Customer 0830,Mid-Market,R05,Central,Indore,Manufacturing
C0831,Customer 0831,Mid-Market,R04,East,Kolkata,Technology
C0832,Customer 0832,Enterprise,R02,West,Mumbai,Manufacturing
C0833,Customer 0833,Enterprise,R04,East,Kolkata,Retail
C0834,Customer 0834,Mid-Market,R03,South,Bengaluru,Education
C0835,Customer 0835,Mid-Market,R04,East,Kolkata,Technology
C0836,Customer 0836,Enterprise,R05,Central,Indore,Manufacturing
C0837,Customer 0837,SMB,R03,South,Bengaluru,Manufacturing
C0838,Customer 0838,Enterprise,R01,North,Delhi,Retail
C0839,Customer 0839,Enterprise,R02,West,Mumbai,Manufacturing
C0840,Customer 0840,Enterprise,R01,North,Delhi,Manufacturing
C0841,Customer 0841,Enterprise,R03,South,Bengaluru,Healthcare
C0842,Customer 0842,Mid-Market,R01,North,Delhi,Education
C0843,Customer 0843,SMB,R01,North,Delhi,Manufacturing
C0844,Customer 0844,Enterprise,R04,East,Kolkata,Healthcare
C0845,Customer 0845,Enterprise,R04,East,Kolkata,Retail
C0846,Customer 0846,SMB,R02,West,Mumbai,Retail
C0847,Customer 0847,SMB,R04,East,Kolkata,Technology
C0848,Customer 0848,Enterprise,R02,West,Mumbai,Education
C0849,Customer 0849,SMB,R03,South,Bengaluru,Education
C0850,Customer 0850,Enterprise,R01,North,Delhi,Education
C0851,Customer 0851,SMB,R03,South,Bengaluru,Healthcare
C0852,Customer 0852,Enterprise,R02,West,Mumbai,Technology
C0853,Customer 0853,SMB,R03,South,Bengaluru,Education
C0854,Customer 0854,SMB,R05,Central,Indore,Education
C0855,Customer 0855,SMB,R02,West,Mumbai,Manufacturing
C0856,Customer 0856,Mid-Market,R02,West,Mumbai,Technology
C0857,Customer 0857,SMB,R03,South,Bengaluru,Retail
C0858,Customer 0858,Mid-Market,R04,East,Kolkata,Retail
C0859,Customer 0859,SMB,R04,East,Kolkata,Manufacturing
C0860,Customer 0860,SMB,R01,North,Delhi,Manufacturing
C0861,Customer 0861,Mid-Market,R02,West,Mumbai,Manufacturing
C0862,Customer 0862,Enterprise,R03,South,Bengaluru,Manufacturing
C0863,Customer 0863,Mid-Market,R02,West,Mumbai,Technology
C0864,Customer 0864,SMB,R01,North,Delhi,Manufacturing
C0865,Customer 0865,SMB,R01,North,Delhi,Manufacturing
C0866,Customer 0866,Mid-Market,R03,South,Bengaluru,Technology
C0867,Customer 0867,SMB,R03,South,Bengaluru,Education
C0868,Customer 0868,Mid-Market,R04,East,Kolkata,Retail
C0869,Customer 0869,Enterprise,R03,South,Bengaluru,Technology
C0870,Customer 0870,Enterprise,R03,South,Bengaluru,Education
C0871,Customer 0871,Mid-Market,R02,West,Mumbai,Manufacturing
C0872,Customer 0872,SMB,R01,North,Delhi,Technology
C0873,Customer 0873,Mid-Market,R05,Central,Indore,Education
C0874,Customer 0874,Enterprise,R03,South,Bengaluru,Technology
C0875,Customer 0875,SMB,R05,Central,Indore,Healthcare
C0876,Customer 0876,SMB,R03,South,Bengaluru,Education
C0877,Customer 0877,SMB,R04,East,Kolkata,Education
C0878,Customer 0878,SMB,R01,North,Delhi,Technology
C0879,Customer 0879,Enterprise,R05,Central,Indore,Technology
C0880,Customer 0880,Enterprise,R01,North,Delhi,Retail
C0881,Customer 0881,SMB,R01,North,Delhi,Education
C0882,Customer 0882,Mid-Market,R02,West,Mumbai,Healthcare
C0883,Customer 0883,Enterprise,R01,North,Delhi,Retail
C0884,Customer 0884,Mid-Market,R01,North,Delhi,Technology
C0885,Customer 0885,Mid-Market,R01,North,Delhi,Education
C0886,Customer 0886,Mid-Market,R05,Central,Indore,Retail
C0887,Customer 0887,Mid-Market,R02,West,Mumbai,Technology
C0888,Customer 0888,SMB,R03,South,Bengaluru,Manufacturing
C0889,Customer 0889,Enterprise,R04,East,Kolkata,Technology
C0890,Customer 0890,Enterprise,R03,South,Bengaluru,Retail
C0891,Customer 0891,Mid-Market,R05,Central,Indore,Manufacturing
C0892,Customer 0892,Mid-Market,R04,East,Kolkata,Education
C0893,Customer 0893,Mid-Market,R04,East,Kolkata,Healthcare
C0894,Customer 0894,SMB,R05,Central,Indore,Technology
C0895,Customer 0895,Mid-Market,R04,East,Kolkata,Retail
C0896,Customer 0896,SMB,R02,West,Mumbai,Healthcare
C0897,Customer 0897,SMB,R04,East,Kolkata,Technology
C0898,Customer 0898,Enterprise,R04,East,Kolkata,Manufacturing
C0899,Customer 0899,Enterprise,R01,North,Delhi,Technology
C0900,Customer 0900,Enterprise,R03,South,Bengaluru,Education
C0901,Customer 0901,Enterprise,R03,South,Bengaluru,Manufacturing
C0902,Customer 0902,SMB,R02,West,Mumbai,Manufacturing
C0903,Customer 0903,SMB,R05,Central,Indore,Retail
C0904,Customer 0904,Mid-Market,R02,West,Mumbai,Manufacturing
C0905,Customer 0905,Mid-Market,R04,East,Kolkata,Manufacturing
C0906,Customer 0906,Enterprise,R02,West,Mumbai,Healthcare
C0907,Customer 0907,Enterprise,R05,Central,Indore,Healthcare
C0908,Customer 0908,Enterprise,R02,West,Mumbai,Retail
C0909,Customer 0909,SMB,R04,East,Kolkata,Education
C0910,Customer 0910,Enterprise,R04,East,Kolkata,Education
C0911,Customer 0911,Mid-Market,R04,East,Kolkata,Healthcare
C0912,Customer 0912,Enterprise,R01,North,Delhi,Retail
C0913,Customer 0913,Enterprise,R05,Central,Indore,Education
C0914,Customer 0914,Mid-Market,R05,Central,Indore,Education
C0915,Customer 0915,Mid-Market,R02,West,Mumbai,Technology
C0916,Customer 0916,Enterprise,R03,South,Bengaluru,Healthcare
C0917,Customer 0917,SMB,R05,Central,Indore,Healthcare
C0918,Customer 0918,SMB,R01,North,Delhi,Manufacturing
C0919,Customer 0919,Mid-Market,R02,West,Mumbai,Education
C0920,Customer 0920,SMB,R03,South,Bengaluru,Manufacturing
C0921,Customer 0921,SMB,R05,Central,Indore,Manufacturing
C0922,Customer 0922,Mid-Market,R02,West,Mumbai,Healthcare
C0923,Customer 0923,SMB,R04,East,Kolkata,Healthcare
C0924,Customer 0924,Enterprise,R02,West,Mumbai,Manufacturing
C0925,Customer 0925,SMB,R04,East,Kolkata,Education
C0926,Customer 0926,Mid-Market,R02,West,Mumbai,Healthcare
C0927,Customer 0927,Mid-Market,R04,East,Kolkata,Technology
C0928,Customer 0928,Mid-Market,R05,Central,Indore,Retail
C0929,Customer 0929,Enterprise,R05,Central,Indore,Manufacturing
C0930,Customer 0930,SMB,R02,West,Mumbai,Healthcare
C0931,Customer 0931,Mid-Market,R02,West,Mumbai,Healthcare
C0932,Customer 0932,Enterprise,R01,North,Delhi,Retail
C0933,Customer 0933,Enterprise,R05,Central,Indore,Healthcare
C0934,Customer 0934,SMB,R03,South,Bengaluru,Manufacturing
C0935,Customer 0935,Mid-Market,R05,Central,Indore,Technology
C0936,Customer 0936,Enterprise,R03,South,Bengaluru,Retail
C0937,Customer 0937,SMB,R04,East,Kolkata,Healthcare
C0938,Customer 0938,Mid-Market,R04,East,Kolkata,Retail
C0939,Customer 0939,Enterprise,R05,Central,Indore,Retail
C0940,Customer 0940,SMB,R05,Central,Indore,Manufacturing
C0941,Customer 0941,SMB,R04,East,Kolkata,Retail
C0942,Customer 0942,SMB,R03,South,Bengaluru,Technology
C0943,Customer 0943,SMB,R03,South,Bengaluru,Healthcare
C0944,Customer 0944,Enterprise,R03,South,Bengaluru,Healthcare
C0945,Customer 0945,Mid-Market,R03,South,Bengaluru,Manufacturing
C0946,Customer 0946,Mid-Market,R05,Central,Indore,Healthcare
C0947,Customer 0947,Mid-Market,R03,South,Bengaluru,Healthcare
C0948,Customer 0948,SMB,R04,East,Kolkata,Retail
C0949,Customer 0949,Mid-Market,R02,West,Mumbai,Retail
C0950,Customer 0950,Mid-Market,R03,South,Bengaluru,Healthcare
C0951,Customer 0951,Mid-Market,R03,South,Bengaluru,Healthcare
C0952,Customer 0952,SMB,R01,North,Delhi,Retail
C0953,Customer 0953,Enterprise,R03,South,Bengaluru,Retail
C0954,Customer 0954,Enterprise,R04,East,Kolkata,Manufacturing
C0955,Customer 0955,SMB,R05,Central,Indore,Manufacturing
C0956,Customer 0956,Mid-Market,R01,North,Delhi,Retail
C0957,Customer 0957,SMB,R01,North,Delhi,Healthcare
C0958,Customer 0958,Enterprise,R05,Central,Indore,Retail
C0959,Customer 0959,Mid-Market,R03,South,Bengaluru,Retail
C0960,Customer 0960,Enterprise,R04,East,Kolkata,Manufacturing
C0961,Customer 0961,Mid-Market,R04,East,Kolkata,Retail
C0962,Customer 0962,Mid-Market,R05,Central,Indore,Retail
C0963,Customer 0963,Mid-Market,R05,Central,Indore,Retail
C0964,Customer 0964,Enterprise,R04,East,Kolkata,Healthcare
C0965,Customer 0965,SMB,R02,West,Mumbai,Education
C0966,Customer 0966,SMB,R05,Central,Indore,Healthcare
C0967,Customer 0967,SMB,R04,East,Kolkata,Education
C0968,Customer 0968,SMB,R05,Central,Indore,Education
C0969,Customer 0969,Enterprise,R01,North,Delhi,Retail
C0970,Customer 0970,SMB,R02,West,Mumbai,Education
C0971,Customer 0971,Mid-Market,R04,East,Kolkata,Manufacturing
C0972,Customer 0972,Enterprise,R01,North,Delhi,Technology
C0973,Customer 0973,SMB,R04,East,Kolkata,Education
C0974,Customer 0974,Mid-Market,R03,South,Bengaluru,Manufacturing
C0975,Customer 0975,SMB,R01,North,Delhi,Healthcare
C0976,Customer 0976,Enterprise,R04,East,Kolkata,Manufacturing
C0977,Customer 0977,Mid-Market,R04,East,Kolkata,Manufacturing
C0978,Customer 0978,Enterprise,R05,Central,Indore,Manufacturing
C0979,Customer 0979,Mid-Market,R02,West,Mumbai,Healthcare
C0980,Customer 0980,SMB,R01,North,Delhi,Retail
C0981,Customer 0981,SMB,R02,West,Mumbai,Education
C0982,Customer 0982,Mid-Market,R04,East,Kolkata,Technology
C0983,Customer 0983,Enterprise,R03,South,Bengaluru,Manufacturing
C0984,Customer 0984,SMB,R02,West,Mumbai,Retail
C0985,Customer 0985,SMB,R05,Central,Indore,Retail
C0986,Customer 0986,Mid-Market,R03,South,Bengaluru,Healthcare
C0987,Customer 0987,SMB,R05,Central,Indore,Education
C0988,Customer 0988,Mid-Market,R05,Central,Indore,Retail
C0989,Customer 0989,Mid-Market,R01,North,Delhi,Healthcare
C0990,Customer 0990,SMB,R04,East,Kolkata,Technology
C0991,Customer 0991,SMB,R05,Central,Indore,Retail
C0992,Customer 0992,Enterprise,R02,West,Mumbai,Retail
C0993,Customer 0993,SMB,R01,North,Delhi,Retail
C0994,Customer 0994,SMB,R01,North,Delhi,Education
C0995,Customer 0995,Enterprise,R03,South,Bengaluru,Retail
C0996,Customer 0996,Enterprise,R05,Central,Indore,Healthcare
C0997,Customer 0997,SMB,R03,South,Bengaluru,Education
C0998,Customer 0998,Enterprise,R01,North,Delhi,Manufacturing
C0999,Customer 0999,SMB,R05,Central,Indore,Education
C1000,Customer 1000,SMB,R04,East,Kolkata,Retail
C1001,Customer 1001,Mid-Market,R05,Central,Indore,Manufacturing
C1002,Customer 1002,SMB,R02,West,Mumbai,Retail
C1003,Customer 1003,Mid-Market,R03,South,Bengaluru,Education
C1004,Customer 1004,Enterprise,R01,North,Delhi,Manufacturing
C1005,Customer 1005,Mid-Market,R02,West,Mumbai,Technology
C1006,Customer 1006,Mid-Market,R04,East,Kolkata,Retail
C1007,Customer 1007,Mid-Market,R04,East,Kolkata,Education
C1008,Customer 1008,Enterprise,R03,South,Bengaluru,Manufacturing
C1009,Customer 1009,SMB,R04,East,Kolkata,Retail
C1010,Customer 1010,Mid-Market,R04,East,Kolkata,Healthcare
C1011,Customer 1011,Enterprise,R01,North,Delhi,Technology
C1012,Customer 1012,SMB,R05,Central,Indore,Technology
C1013,Customer 1013,Enterprise,R02,West,Mumbai,Healthcare
C1014,Customer 1014,Mid-Market,R05,Central,Indore,Technology
C1015,Customer 1015,Mid-Market,R03,South,Bengaluru,Retail
C1016,Customer 1016,Enterprise,R01,North,Delhi,Manufacturing
C1017,Customer 1017,Mid-Market,R03,South,Bengaluru,Healthcare
C1018,Customer 1018,Mid-Market,R05,Central,Indore,Education
C1019,Customer 1019,Mid-Market,R03,South,Bengaluru,Technology
C1020,Customer 1020,SMB,R01,North,Delhi,Manufacturing
C1021,Customer 1021,Enterprise,R03,South,Bengaluru,Retail
C1022,Customer 1022,Enterprise,R05,Central,Indore,Technology
C1023,Customer 1023,SMB,R05,Central,Indore,Retail
C1024,Customer 1024,Enterprise,R01,North,Delhi,Retail
C1025,Customer 1025,SMB,R04,East,Kolkata,Healthcare
C1026,Customer 1026,Enterprise,R02,West,Mumbai,Education
C1027,Customer 1027,SMB,R01,North,Delhi,Technology
C1028,Customer 1028,Mid-Market,R04,East,Kolkata,Healthcare
C1029,Customer 1029,Enterprise,R03,South,Bengaluru,Retail
C1030,Customer 1030,Mid-Market,R03,South,Bengaluru,Healthcare
C1031,Customer 1031,Mid-Market,R01,North,Delhi,Manufacturing
C1032,Customer 1032,SMB,R04,East,Kolkata,Technology
C1033,Customer 1033,SMB,R04,East,Kolkata,Manufacturing
C1034,Customer 1034,SMB,R05,Central,Indore,Retail
C1035,Customer 1035,Enterprise,R04,East,Kolkata,Education
C1036,Customer 1036,Mid-Market,R02,West,Mumbai,Manufacturing
C1037,Customer 1037,Enterprise,R03,South,Bengaluru,Healthcare
C1038,Customer 1038,SMB,R03,South,Bengaluru,Retail
C1039,Customer 1039,Mid-Market,R05,Central,Indore,Manufacturing
C1040,Customer 1040,Mid-Market,R04,East,Kolkata,Retail
C1041,Customer 1041,SMB,R04,East,Kolkata,Education
C1042,Customer 1042,SMB,R02,West,Mumbai,Healthcare
C1043,Customer 1043,Enterprise,R03,South,Bengaluru,Education
C1044,Customer 1044,Mid-Market,R04,East,Kolkata,Healthcare
C1045,Customer 1045,Enterprise,R03,South,Bengaluru,Technology
C1046,Customer 1046,Mid-Market,R03,South,Bengaluru,Healthcare
C1047,Customer 1047,Enterprise,R05,Central,Indore,Education
C1048,Customer 1048,SMB,R02,West,Mumbai,Technology
C1049,Customer 1049,SMB,R05,Central,Indore,Technology
C1050,Customer 1050,SMB,R04,East,Kolkata,Healthcare
C1051,Customer 1051,Mid-Market,R04,East,Kolkata,Manufacturing
C1052,Customer 1052,SMB,R01,North,Delhi,Education
C1053,Customer 1053,Enterprise,R05,Central,Indore,Manufacturing
C1054,Customer 1054,SMB,R01,North,Delhi,Manufacturing
C1055,Customer 1055,SMB,R05,Central,Indore,Retail
C1056,Customer 1056,SMB,R01,North,Delhi,Technology
C1057,Customer 1057,Mid-Market,R05,Central,Indore,Education
C1058,Customer 1058,Enterprise,R03,South,Bengaluru,Healthcare
C1059,Customer 1059,Mid-Market,R03,South,Bengaluru,Technology
C1060,Customer 1060,Enterprise,R05,Central,Indore,Technology
C1061,Customer 1061,SMB,R01,North,Delhi,Manufacturing
C1062,Customer 1062,Enterprise,R05,Central,Indore,Manufacturing
C1063,Customer 1063,SMB,R03,South,Bengaluru,Manufacturing
C1064,Customer 1064,Enterprise,R05,Central,Indore,Education
C1065,Customer 1065,Enterprise,R02,West,Mumbai,Manufacturing
C1066,Customer 1066,SMB,R03,South,Bengaluru,Retail
C1067,Customer 1067,Mid-Market,R03,South,Bengaluru,Retail
C1068,Customer 1068,Enterprise,R02,West,Mumbai,Education
C1069,Customer 1069,SMB,R05,Central,Indore,Retail
C1070,Customer 1070,Mid-Market,R05,Central,Indore,Healthcare
C1071,Customer 1071,SMB,R03,South,Bengaluru,Technology
C1072,Customer 1072,Mid-Market,R03,South,Bengaluru,Education
C1073,Customer 1073,Mid-Market,R04,East,Kolkata,Education
C1074,Customer 1074,Enterprise,R03,South,Bengaluru,Manufacturing
C1075,Customer 1075,SMB,R05,Central,Indore,Manufacturing
C1076,Customer 1076,Mid-Market,R01,North,Delhi,Technology
C1077,Customer 1077,Mid-Market,R04,East,Kolkata,Retail
C1078,Customer 1078,Enterprise,R03,South,Bengaluru,Technology
C1079,Customer 1079,Mid-Market,R04,East,Kolkata,Technology
C1080,Customer 1080,Mid-Market,R04,East,Kolkata,Healthcare
C1081,Customer 1081,Mid-Market,R01,North,Delhi,Healthcare
C1082,Customer 1082,SMB,R03,South,Bengaluru,Healthcare
C1083,Customer 1083,SMB,R02,West,Mumbai,Healthcare
C1084,Customer 1084,Mid-Market,R05,Central,Indore,Healthcare
C1085,Customer 1085,Enterprise,R02,West,Mumbai,Manufacturing
C1086,Customer 1086,Enterprise,R05,Central,Indore,Retail
C1087,Customer 1087,SMB,R04,East,Kolkata,Retail
C1088,Customer 1088,SMB,R01,North,Delhi,Retail
C1089,Customer 1089,Enterprise,R03,South,Bengaluru,Healthcare
C1090,Customer 1090,SMB,R03,South,Bengaluru,Education
C1091,Customer 1091,Enterprise,R05,Central,Indore,Technology
C1092,Customer 1092,Mid-Market,R05,Central,Indore,Healthcare
C1093,Customer 1093,Mid-Market,R03,South,Bengaluru,Technology
C1094,Customer 1094,Mid-Market,R02,West,Mumbai,Education
C1095,Customer 1095,Mid-Market,R04,East,Kolkata,Retail
C1096,Customer 1096,Mid-Market,R03,South,Bengaluru,Retail
C1097,Customer 1097,Enterprise,R03,South,Bengaluru,Technology
C1098,Customer 1098,SMB,R02,West,Mumbai,Healthcare
C1099,Customer 1099,SMB,R01,North,Delhi,Education
C1100,Customer 1100,Enterprise,R01,North,Delhi,Education
C1101,Customer 1101,SMB,R05,Central,Indore,Manufacturing
C1102,Customer 1102,Enterprise,R01,North,Delhi,Retail
C1103,Customer 1103,Enterprise,R04,East,Kolkata,Technology
C1104,Customer 1104,Mid-Market,R01,North,Delhi,Manufacturing
C1105,Customer 1105,Enterprise,R03,South,Bengaluru,Healthcare
C1106,Customer 1106,SMB,R04,East,Kolkata,Education
C1107,Customer 1107,SMB,R02,West,Mumbai,Education
C1108,Customer 1108,Enterprise,R03,South,Bengaluru,Technology
C1109,Customer 1109,Enterprise,R01,North,Delhi,Technology
C1110,Customer 1110,Mid-Market,R02,West,Mumbai,Manufacturing
C1111,Customer 1111,Mid-Market,R02,West,Mumbai,Technology
C1112,Customer 1112,Enterprise,R05,Central,Indore,Manufacturing
C1113,Customer 1113,Enterprise,R02,West,Mumbai,Healthcare
C1114,Customer 1114,Mid-Market,R03,South,Bengaluru,Education
C1115,Customer 1115,Enterprise,R05,Central,Indore,Retail
C1116,Customer 1116,SMB,R01,North,Delhi,Education
C1117,Customer 1117,SMB,R05,Central,Indore,Healthcare
C1118,Customer 1118,Enterprise,R05,Central,Indore,Retail
C1119,Customer 1119,Mid-Market,R01,North,Delhi,Retail
C1120,Customer 1120,Mid-Market,R02,West,Mumbai,Manufacturing
C1121,Customer 1121,Mid-Market,R04,East,Kolkata,Technology
C1122,Customer 1122,Mid-Market,R04,East,Kolkata,Manufacturing
C1123,Customer 1123,Enterprise,R05,Central,Indore,Manufacturing
C1124,Customer 1124,Enterprise,R05,Central,Indore,Technology
C1125,Customer 1125,Enterprise,R04,East,Kolkata,Technology
C1126,Customer 1126,Mid-Market,R02,West,Mumbai,Healthcare
C1127,Customer 1127,SMB,R01,North,Delhi,Retail
C1128,Customer 1128,Mid-Market,R01,North,Delhi,Education
C1129,Customer 1129,Mid-Market,R02,West,Mumbai,Retail
C1130,Customer 1130,SMB,R02,West,Mumbai,Education
C1131,Customer 1131,SMB,R04,East,Kolkata,Education
C1132,Customer 1132,Enterprise,R04,East,Kolkata,Retail
C1133,Customer 1133,Enterprise,R01,North,Delhi,Healthcare
C1134,Customer 1134,Enterprise,R01,North,Delhi,Technology
C1135,Customer 1135,Mid-Market,R04,East,Kolkata,Healthcare
C1136,Customer 1136,Enterprise,R05,Central,Indore,Retail
C1137,Customer 1137,Enterprise,R04,East,Kolkata,Education
C1138,Customer 1138,Mid-Market,R01,North,Delhi,Technology
C1139,Customer 1139,SMB,R05,Central,Indore,Manufacturing
C1140,Customer 1140,SMB,R03,South,Bengaluru,Technology
C1141,Customer 1141,SMB,R05,Central,Indore,Healthcare
C1142,Customer 1142,SMB,R05,Central,Indore,Retail
C1143,Customer 1143,Enterprise,R04,East,Kolkata,Retail
C1144,Customer 1144,Enterprise,R04,East,Kolkata,Retail
C1145,Customer 1145,SMB,R01,North,Delhi,Manufacturing
C1146,Customer 1146,Enterprise,R03,South,Bengaluru,Manufacturing
C1147,Customer 1147,Mid-Market,R05,Central,Indore,Retail
C1148,Customer 1148,Mid-Market,R05,Central,Indore,Manufacturing
C1149,Customer 1149,Enterprise,R01,North,Delhi,Technology
C1150,Customer 1150,SMB,R03,South,Bengaluru,Manufacturing
C1151,Customer 1151,SMB,R01,North,Delhi,Technology
C1152,Customer 1152,SMB,R05,Central,Indore,Manufacturing
C1153,Customer 1153,SMB,R02,West,Mumbai,Retail
C1154,Customer 1154,Mid-Market,R03,South,Bengaluru,Retail
C1155,Customer 1155,SMB,R04,East,Kolkata,Education
C1156,Customer 1156,Mid-Market,R05,Central,Indore,Retail
C1157,Customer 1157,Mid-Market,R04,East,Kolkata,Healthcare
C1158,Customer 1158,Mid-Market,R04,East,Kolkata,Manufacturing
C1159,Customer 1159,SMB,R04,East,Kolkata,Manufacturing
C1160,Customer 1160,SMB,R01,North,Delhi,Manufacturing
C1161,Customer 1161,Enterprise,R03,South,Bengaluru,Education
C1162,Customer 1162,SMB,R01,North,Delhi,Technology
C1163,Customer 1163,Enterprise,R05,Central,Indore,Education
C1164,Customer 1164,Mid-Market,R02,West,Mumbai,Education
C1165,Customer 1165,Mid-Market,R05,Central,Indore,Technology
C1166,Customer 1166,Mid-Market,R01,North,Delhi,Technology
C1167,Customer 1167,SMB,R03,South,Bengaluru,Healthcare
C1168,Customer 1168,Mid-Market,R01,North,Delhi,Manufacturing
C1169,Customer 1169,Enterprise,R05,Central,Indore,Retail
C1170,Customer 1170,Mid-Market,R04,East,Kolkata,Manufacturing
C1171,Customer 1171,Mid-Market,R02,West,Mumbai,Retail
C1172,Customer 1172,Enterprise,R04,East,Kolkata,Manufacturing
C1173,Customer 1173,Mid-Market,R01,North,Delhi,Manufacturing
C1174,Customer 1174,Mid-Market,R03,South,Bengaluru,Education
C1175,Customer 1175,Enterprise,R02,West,Mumbai,Retail
C1176,Customer 1176,SMB,R02,West,Mumbai,Education
C1177,Customer 1177,SMB,R01,North,Delhi,Technology
C1178,Customer 1178,SMB,R04,East,Kolkata,Manufacturing
C1179,Customer 1179,SMB,R03,South,Bengaluru,Manufacturing
C1180,Customer 1180,Enterprise,R05,Central,Indore,Manufacturing
C1181,Customer 1181,SMB,R03,South,Bengaluru,Healthcare
C1182,Customer 1182,Enterprise,R01,North,Delhi,Retail
C1183,Customer 1183,Mid-Market,R05,Central,Indore,Healthcare
C1184,Customer 1184,Enterprise,R04,East,Kolkata,Education
C1185,Customer 1185,SMB,R01,North,Delhi,Technology
C1186,Customer 1186,SMB,R02,West,Mumbai,Manufacturing
C1187,Customer 1187,Mid-Market,R04,East,Kolkata,Manufacturing
C1188,Customer 1188,SMB,R02,West,Mumbai,Education
C1189,Customer 1189,Mid-Market,R04,East,Kolkata,Healthcare
C1190,Customer 1190,Mid-Market,R04,East,Kolkata,Retail
C1191,Customer 1191,Enterprise,R01,North,Delhi,Technology
C1192,Customer 1192,Enterprise,R04,East,Kolkata,Technology
C1193,Customer 1193,Mid-Market,R01,North,Delhi,Retail
C1194,Customer 1194,Enterprise,R02,West,Mumbai,Education
C1195,Customer 1195,Enterprise,R03,South,Bengaluru,Education
C1196,Customer 1196,Enterprise,R05,Central,Indore,Manufacturing
C1197,Customer 1197,Enterprise,R03,South,Bengaluru,Retail
C1198,Customer 1198,Enterprise,R01,North,Delhi,Manufacturing
C1199,Customer 1199,SMB,R04,East,Kolkata,Retail
C1200,Customer 1200,Mid-Market,R02,West,Mumbai,Retail
C1201,Customer 1201,SMB,R02,West,Mumbai,Manufacturing
C1202,Customer 1202,SMB,R04,East,Kolkata,Healthcare
C1203,Customer 1203,Mid-Market,R01,North,Delhi,Healthcare
C1204,Customer 1204,Enterprise,R02,West,Mumbai,Education
C1205,Customer 1205,SMB,R02,West,Mumbai,Education
C1206,Customer 1206,Mid-Market,R02,West,Mumbai,Technology
C1207,Customer 1207,Enterprise,R05,Central,Indore,Healthcare
C1208,Customer 1208,SMB,R05,Central,Indore,Healthcare
C1209,Customer 1209,SMB,R04,East,Kolkata,Retail
C1210,Customer 1210,SMB,R03,South,Bengaluru,Technology
C1211,Customer 1211,Enterprise,R03,South,Bengaluru,Manufacturing
C1212,Customer 1212,Mid-Market,R04,East,Kolkata,Retail
C1213,Customer 1213,Enterprise,R04,East,Kolkata,Manufacturing
C1214,Customer 1214,Mid-Market,R03,South,Bengaluru,Retail
C1215,Customer 1215,Enterprise,R04,East,Kolkata,Education
C1216,Customer 1216,Mid-Market,R01,North,Delhi,Healthcare
C1217,Customer 1217,Mid-Market,R02,West,Mumbai,Manufacturing
C1218,Customer 1218,Enterprise,R04,East,Kolkata,Education
C1219,Customer 1219,SMB,R03,South,Bengaluru,Technology
C1220,Customer 1220,Enterprise,R01,North,Delhi,Healthcare
C1221,Customer 1221,Mid-Market,R05,Central,Indore,Technology
C1222,Customer 1222,Mid-Market,R05,Central,Indore,Manufacturing
C1223,Customer 1223,Enterprise,R01,North,Delhi,Retail
C1224,Customer 1224,Mid-Market,R03,South,Bengaluru,Education
C1225,Customer 1225,SMB,R04,East,Kolkata,Education
C1226,Customer 1226,SMB,R02,West,Mumbai,Manufacturing
C1227,Customer 1227,Mid-Market,R04,East,Kolkata,Healthcare
C1228,Customer 1228,Mid-Market,R05,Central,Indore,Manufacturing
C1229,Customer 1229,Enterprise,R02,West,Mumbai,Healthcare
C1230,Customer 1230,Enterprise,R05,Central,Indore,Retail
C1231,Customer 1231,Enterprise,R05,Central,Indore,Manufacturing
C1232,Customer 1232,SMB,R05,Central,Indore,Technology
C1233,Customer 1233,SMB,R04,East,Kolkata,Healthcare
C1234,Customer 1234,Enterprise,R02,West,Mumbai,Retail
C1235,Customer 1235,SMB,R01,North,Delhi,Retail
C1236,Customer 1236,SMB,R03,South,Bengaluru,Healthcare
C1237,Customer 1237,SMB,R03,South,Bengaluru,Healthcare
C1238,Customer 1238,Mid-Market,R02,West,Mumbai,Retail
C1239,Customer 1239,SMB,R02,West,Mumbai,Manufacturing
C1240,Customer 1240,SMB,R05,Central,Indore,Healthcare
C1241,Customer 1241,SMB,R02,West,Mumbai,Technology
C1242,Customer 1242,Mid-Market,R01,North,Delhi,Technology
C1243,Customer 1243,Enterprise,R05,Central,Indore,Technology
C1244,Customer 1244,Enterprise,R03,South,Bengaluru,Retail
C1245,Customer 1245,SMB,R01,North,Delhi,Technology
C1246,Customer 1246,SMB,R01,North,Delhi,Technology
C1247,Customer 1247,SMB,R05,Central,Indore,Education
C1248,Customer 1248,SMB,R04,East,Kolkata,Healthcare
C1249,Customer 1249,SMB,R03,South,Bengaluru,Healthcare
C1250,Customer 1250,Mid-Market,R04,East,Kolkata,Healthcare
C1251,Customer 1251,SMB,R03,South,Bengaluru,Manufacturing
C1252,Customer 1252,SMB,R02,West,Mumbai,Education
C1253,Customer 1253,Enterprise,R04,East,Kolkata,Technology
C1254,Customer 1254,Enterprise,R04,East,Kolkata,Technology
C1255,Customer 1255,SMB,R04,East,Kolkata,Education
C1256,Customer 1256,Enterprise,R01,North,Delhi,Manufacturing
C1257,Customer 1257,Enterprise,R01,North,Delhi,Manufacturing
C1258,Customer 1258,Enterprise,R02,West,Mumbai,Healthcare
C1259,Customer 1259,SMB,R05,Central,Indore,Healthcare
C1260,Customer 1260,Enterprise,R03,South,Bengaluru,Education
C1261,Customer 1261,Mid-Market,R04,East,Kolkata,Education
C1262,Customer 1262,Enterprise,R02,West,Mumbai,Technology
C1263,Customer 1263,SMB,R01,North,Delhi,Education
C1264,Customer 1264,Enterprise,R04,East,Kolkata,Education
C1265,Customer 1265,Enterprise,R05,Central,Indore,Education
C1266,Customer 1266,SMB,R01,North,Delhi,Education
C1267,Customer 1267,Mid-Market,R01,North,Delhi,Education
C1268,Customer 1268,Mid-Market,R01,North,Delhi,Education
C1269,Customer 1269,Enterprise,R05,Central,Indore,Healthcare
C1270,Customer 1270,Mid-Market,R04,East,Kolkata,Healthcare
C1271,Customer 1271,Enterprise,R04,East,Kolkata,Retail
C1272,Customer 1272,SMB,R05,Central,Indore,Technology
C1273,Customer 1273,Mid-Market,R02,West,Mumbai,Education
C1274,Customer 1274,Enterprise,R01,North,Delhi,Healthcare
C1275,Customer 1275,Mid-Market,R01,North,Delhi,Healthcare
C1276,Customer 1276,Enterprise,R04,East,Kolkata,Education
C1277,Customer 1277,SMB,R05,Central,Indore,Healthcare
C1278,Customer 1278,Mid-Market,R02,West,Mumbai,Healthcare
C1279,Customer 1279,Enterprise,R02,West,Mumbai,Retail
C1280,Customer 1280,Enterprise,R01,North,Delhi,Technology
C1281,Customer 1281,SMB,R01,North,Delhi,Manufacturing
C1282,Customer 1282,Enterprise,R04,East,Kolkata,Retail
C1283,Customer 1283,SMB,R03,South,Bengaluru,Education
C1284,Customer 1284,SMB,R01,North,Delhi,Retail
C1285,Customer 1285,SMB,R03,South,Bengaluru,Retail
C1286,Customer 1286,Enterprise,R02,West,Mumbai,Healthcare
C1287,Customer 1287,Enterprise,R01,North,Delhi,Technology
C1288,Customer 1288,Mid-Market,R05,Central,Indore,Retail
C1289,Customer 1289,Mid-Market,R01,North,Delhi,Healthcare
C1290,Customer 1290,SMB,R01,North,Delhi,Retail
C1291,Customer 1291,Mid-Market,R05,Central,Indore,Manufacturing
C1292,Customer 1292,SMB,R04,East,Kolkata,Healthcare
C1293,Customer 1293,Enterprise,R01,North,Delhi,Retail
C1294,Customer 1294,Enterprise,R04,East,Kolkata,Education
C1295,Customer 1295,SMB,R01,North,Delhi,Healthcare
C1296,Customer 1296,Enterprise,R02,West,Mumbai,Manufacturing
C1297,Customer 1297,Mid-Market,R04,East,Kolkata,Retail
C1298,Customer 1298,Enterprise,R03,South,Bengaluru,Manufacturing
C1299,Customer 1299,Mid-Market,R03,South,Bengaluru,Technology
C1300,Customer 1300,Mid-Market,R01,North,Delhi,Technology
C1301,Customer 1301,Enterprise,R05,Central,Indore,Manufacturing
C1302,Customer 1302,SMB,R03,South,Bengaluru,Healthcare
C1303,Customer 1303,SMB,R01,North,Delhi,Retail
C1304,Customer 1304,SMB,R03,South,Bengaluru,Retail
C1305,Customer 1305,Enterprise,R05,Central,Indore,Education
C1306,Customer 1306,Enterprise,R03,South,Bengaluru,Manufacturing
C1307,Customer 1307,Enterprise,R03,South,Bengaluru,Technology
C1308,Customer 1308,Enterprise,R01,North,Delhi,Manufacturing
C1309,Customer 1309,Enterprise,R04,East,Kolkata,Technology
C1310,Customer 1310,SMB,R03,South,Bengaluru,Education
C1311,Customer 1311,Mid-Market,R03,South,Bengaluru,Healthcare
C1312,Customer 1312,Mid-Market,R03,South,Bengaluru,Manufacturing
C1313,Customer 1313,SMB,R04,East,Kolkata,Retail
C1314,Customer 1314,Mid-Market,R04,East,Kolkata,Education
C1315,Customer 1315,SMB,R03,South,Bengaluru,Healthcare
C1316,Customer 1316,SMB,R04,East,Kolkata,Retail
C1317,Customer 1317,SMB,R05,Central,Indore,Manufacturing
C1318,Customer 1318,Mid-Market,R05,Central,Indore,Healthcare
C1319,Customer 1319,Mid-Market,R01,North,Delhi,Technology
C1320,Customer 1320,Enterprise,R01,North,Delhi,Education
C1321,Customer 1321,Mid-Market,R03,South,Bengaluru,Manufacturing
C1322,Customer 1322,SMB,R01,North,Delhi,Manufacturing
C1323,Customer 1323,Mid-Market,R03,South,Bengaluru,Education
C1324,Customer 1324,SMB,R04,East,Kolkata,Technology
C1325,Customer 1325,SMB,R02,West,Mumbai,Retail
C1326,Customer 1326,Mid-Market,R02,West,Mumbai,Education
C1327,Customer 1327,SMB,R02,West,Mumbai,Technology
C1328,Customer 1328,SMB,R02,West,Mumbai,Manufacturing
C1329,Customer 1329,SMB,R01,North,Delhi,Technology
C1330,Customer 1330,SMB,R02,West,Mumbai,Retail
C1331,Customer 1331,SMB,R03,South,Bengaluru,Manufacturing
C1332,Customer 1332,Enterprise,R03,South,Bengaluru,Technology
C1333,Customer 1333,SMB,R02,West,Mumbai,Healthcare
C1334,Customer 1334,Mid-Market,R02,West,Mumbai,Technology
C1335,Customer 1335,Enterprise,R03,South,Bengaluru,Healthcare
C1336,Customer 1336,Enterprise,R05,Central,Indore,Manufacturing
C1337,Customer 1337,SMB,R03,South,Bengaluru,Manufacturing
C1338,Customer 1338,Enterprise,R04,East,Kolkata,Manufacturing
C1339,Customer 1339,Enterprise,R03,South,Bengaluru,Technology
C1340,Customer 1340,Mid-Market,R05,Central,Indore,Healthcare
C1341,Customer 1341,Mid-Market,R03,South,Bengaluru,Retail
C1342,Customer 1342,Mid-Market,R01,North,Delhi,Retail
C1343,Customer 1343,Enterprise,R03,South,Bengaluru,Manufacturing
C1344,Customer 1344,SMB,R02,West,Mumbai,Manufacturing
C1345,Customer 1345,Enterprise,R01,North,Delhi,Technology
C1346,Customer 1346,Mid-Market,R01,North,Delhi,Education
C1347,Customer 1347,Mid-Market,R03,South,Bengaluru,Healthcare
C1348,Customer 1348,Enterprise,R05,Central,Indore,Manufacturing
C1349,Customer 1349,Mid-Market,R02,West,Mumbai,Retail
C1350,Customer 1350,SMB,R05,Central,Indore,Retail
C1351,Customer 1351,Enterprise,R05,Central,Indore,Retail
C1352,Customer 1352,Enterprise,R01,North,Delhi,Retail
C1353,Customer 1353,SMB,R02,West,Mumbai,Education
C1354,Customer 1354,Mid-Market,R02,West,Mumbai,Retail
C1355,Customer 1355,Mid-Market,R02,West,Mumbai,Healthcare
C1356,Customer 1356,Enterprise,R02,West,Mumbai,Manufacturing
C1357,Customer 1357,SMB,R03,South,Bengaluru,Retail
C1358,Customer 1358,Enterprise,R04,East,Kolkata,Manufacturing
C1359,Customer 1359,Enterprise,R05,Central,Indore,Retail
C1360,Customer 1360,Mid-Market,R03,South,Bengaluru,Healthcare
C1361,Customer 1361,SMB,R04,East,Kolkata,Healthcare
C1362,Customer 1362,SMB,R01,North,Delhi,Technology
C1363,Customer 1363,SMB,R02,West,Mumbai,Retail
C1364,Customer 1364,Enterprise,R05,Central,Indore,Manufacturing
C1365,Customer 1365,SMB,R01,North,Delhi,Education
C1366,Customer 1366,Mid-Market,R03,South,Bengaluru,Healthcare
C1367,Customer 1367,Mid-Market,R05,Central,Indore,Healthcare
C1368,Customer 1368,SMB,R02,West,Mumbai,Healthcare
C1369,Customer 1369,Mid-Market,R02,West,Mumbai,Technology
C1370,Customer 1370,Mid-Market,R02,West,Mumbai,Healthcare
C1371,Customer 1371,Enterprise,R04,East,Kolkata,Education
C1372,Customer 1372,Mid-Market,R03,South,Bengaluru,Retail
C1373,Customer 1373,Mid-Market,R03,South,Bengaluru,Healthcare
C1374,Customer 1374,SMB,R02,West,Mumbai,Retail
C1375,Customer 1375,Mid-Market,R05,Central,Indore,Healthcare
C1376,Customer 1376,Enterprise,R01,North,Delhi,Retail
C1377,Customer 1377,SMB,R04,East,Kolkata,Education
C1378,Customer 1378,Mid-Market,R01,North,Delhi,Healthcare
C1379,Customer 1379,Mid-Market,R05,Central,Indore,Education
C1380,Customer 1380,Enterprise,R02,West,Mumbai,Healthcare
C1381,Customer 1381,Mid-Market,R04,East,Kolkata,Technology
C1382,Customer 1382,Mid-Market,R04,East,Kolkata,Manufacturing
C1383,Customer 1383,SMB,R03,South,Bengaluru,Manufacturing
C1384,Customer 1384,Mid-Market,R02,West,Mumbai,Healthcare
C1385,Customer 1385,SMB,R02,West,Mumbai,Education
C1386,Customer 1386,Mid-Market,R04,East,Kolkata,Education
C1387,Customer 1387,Mid-Market,R03,South,Bengaluru,Manufacturing
C1388,Customer 1388,Enterprise,R04,East,Kolkata,Retail
C1389,Customer 1389,Mid-Market,R03,South,Bengaluru,Technology
C1390,Customer 1390,SMB,R01,North,Delhi,Education
C1391,Customer 1391,SMB,R05,Central,Indore,Retail
C1392,Customer 1392,SMB,R02,West,Mumbai,Technology
C1393,Customer 1393,SMB,R03,South,Bengaluru,Manufacturing
C1394,Customer 1394,Enterprise,R03,South,Bengaluru,Manufacturing
C1395,Customer 1395,SMB,R05,Central,Indore,Manufacturing
C1396,Customer 1396,Enterprise,R04,East,Kolkata,Technology
C1397,Customer 1397,SMB,R01,North,Delhi,Education
C1398,Customer 1398,SMB,R02,West,Mumbai,Education
C1399,Customer 1399,Mid-Market,R05,Central,Indore,Technology
C1400,Customer 1400,Mid-Market,R01,North,Delhi,Technology
C1401,Customer 1401,SMB,R01,North,Delhi,Education
C1402,Customer 1402,SMB,R05,Central,Indore,Healthcare
C1403,Customer 1403,Enterprise,R05,Central,Indore,Retail
C1404,Customer 1404,Mid-Market,R05,Central,Indore,Retail
C1405,Customer 1405,Enterprise,R04,East,Kolkata,Healthcare
C1406,Customer 1406,Enterprise,R01,North,Delhi,Retail
C1407,Customer 1407,Enterprise,R05,Central,Indore,Education
C1408,Customer 1408,Mid-Market,R05,Central,Indore,Manufacturing
C1409,Customer 1409,SMB,R05,Central,Indore,Education
C1410,Customer 1410,SMB,R02,West,Mumbai,Manufacturing
C1411,Customer 1411,Mid-Market,R02,West,Mumbai,Retail
C1412,Customer 1412,Mid-Market,R01,North,Delhi,Healthcare
C1413,Customer 1413,Enterprise,R02,West,Mumbai,Technology
C1414,Customer 1414,Enterprise,R02,West,Mumbai,Manufacturing
C1415,Customer 1415,Mid-Market,R03,South,Bengaluru,Retail
C1416,Customer 1416,Enterprise,R02,West,Mumbai,Healthcare
C1417,Customer 1417,Enterprise,R04,East,Kolkata,Education
C1418,Customer 1418,Enterprise,R01,North,Delhi,Retail
C1419,Customer 1419,Enterprise,R01,North,Delhi,Healthcare
C1420,Customer 1420,Enterprise,R02,West,Mumbai,Technology
C1421,Customer 1421,SMB,R01,North,Delhi,Technology
C1422,Customer 1422,Enterprise,R02,West,Mumbai,Education
C1423,Customer 1423,Mid-Market,R01,North,Delhi,Education
C1424,Customer 1424,SMB,R05,Central,Indore,Education
C1425,Customer 1425,SMB,R05,Central,Indore,Technology
C1426,Customer 1426,Enterprise,R01,North,Delhi,Education
C1427,Customer 1427,Mid-Market,R05,Central,Indore,Retail
C1428,Customer 1428,Enterprise,R03,South,Bengaluru,Technology
C1429,Customer 1429,Enterprise,R01,North,Delhi,Education
C1430,Customer 1430,SMB,R01,North,Delhi,Retail
C1431,Customer 1431,SMB,R03,South,Bengaluru,Healthcare
C1432,Customer 1432,Enterprise,R05,Central,Indore,Education
C1433,Customer 1433,Enterprise,R05,Central,Indore,Technology
C1434,Customer 1434,SMB,R04,East,Kolkata,Manufacturing
C1435,Customer 1435,SMB,R01,North,Delhi,Education
C1436,Customer 1436,Mid-Market,R01,North,Delhi,Retail
C1437,Customer 1437,Enterprise,R03,South,Bengaluru,Retail
C1438,Customer 1438,Enterprise,R05,Central,Indore,Healthcare
C1439,Customer 1439,SMB,R02,West,Mumbai,Education
C1440,Customer 1440,Enterprise,R03,South,Bengaluru,Education
C1441,Customer 1441,Mid-Market,R01,North,Delhi,Healthcare
C1442,Customer 1442,Mid-Market,R02,West,Mumbai,Manufacturing
C1443,Customer 1443,Enterprise,R01,North,Delhi,Manufacturing
C1444,Customer 1444,SMB,R04,East,Kolkata,Retail
C1445,Customer 1445,Mid-Market,R05,Central,Indore,Technology
C1446,Customer 1446,SMB,R05,Central,Indore,Manufacturing
C1447,Customer 1447,Enterprise,R05,Central,Indore,Technology
C1448,Customer 1448,Enterprise,R05,Central,Indore,Healthcare
C1449,Customer 1449,Mid-Market,R03,South,Bengaluru,Healthcare
C1450,Customer 1450,Enterprise,R04,East,Kolkata,Manufacturing
C1451,Customer 1451,Enterprise,R04,East,Kolkata,Technology
C1452,Customer 1452,Enterprise,R03,South,Bengaluru,Healthcare
C1453,Customer 1453,Mid-Market,R02,West,Mumbai,Retail
C1454,Customer 1454,Enterprise,R01,North,Delhi,Manufacturing
C1455,Customer 1455,SMB,R02,West,Mumbai,Retail
C1456,Customer 1456,SMB,R04,East,Kolkata,Technology
C1457,Customer 1457,SMB,R02,West,Mumbai,Education
C1458,Customer 1458,SMB,R02,West,Mumbai,Healthcare
C1459,Customer 1459,Enterprise,R05,Central,Indore,Manufacturing
C1460,Customer 1460,Enterprise,R05,Central,Indore,Manufacturing
C1461,Customer 1461,Enterprise,R01,North,Delhi,Manufacturing
C1462,Customer 1462,Mid-Market,R05,Central,Indore,Retail
C1463,Customer 1463,SMB,R03,South,Bengaluru,Technology
C1464,Customer 1464,Mid-Market,R04,East,Kolkata,Education
C1465,Customer 1465,Mid-Market,R05,Central,Indore,Technology
C1466,Customer 1466,Mid-Market,R04,East,Kolkata,Education
C1467,Customer 1467,Enterprise,R05,Central,Indore,Healthcare
C1468,Customer 1468,SMB,R01,North,Delhi,Healthcare
C1469,Customer 1469,Mid-Market,R02,West,Mumbai,Manufacturing
C1470,Customer 1470,Enterprise,R02,West,Mumbai,Retail
C1471,Customer 1471,Mid-Market,R02,West,Mumbai,Technology
C1472,Customer 1472,Enterprise,R04,East,Kolkata,Technology
C1473,Customer 1473,Mid-Market,R02,West,Mumbai,Retail
C1474,Customer 1474,Enterprise,R01,North,Delhi,Healthcare
C1475,Customer 1475,Mid-Market,R03,South,Bengaluru,Education
C1476,Customer 1476,Mid-Market,R01,North,Delhi,Education
C1477,Customer 1477,SMB,R04,East,Kolkata,Technology
C1478,Customer 1478,Enterprise,R05,Central,Indore,Manufacturing
C1479,Customer 1479,Enterprise,R02,West,Mumbai,Education
C1480,Customer 1480,Enterprise,R04,East,Kolkata,Manufacturing
C1481,Customer 1481,SMB,R02,West,Mumbai,Manufacturing
C1482,Customer 1482,SMB,R04,East,Kolkata,Manufacturing
C1483,Customer 1483,SMB,R01,North,Delhi,Education
C1484,Customer 1484,Enterprise,R05,Central,Indore,Education
C1485,Customer 1485,Mid-Market,R04,East,Kolkata,Technology
C1486,Customer 1486,Mid-Market,R01,North,Delhi,Healthcare
C1487,Customer 1487,Enterprise,R05,Central,Indore,Education
C1488,Customer 1488,Mid-Market,R02,West,Mumbai,Healthcare
C1489,Customer 1489,Mid-Market,R01,North,Delhi,Education
C1490,Customer 1490,Enterprise,R03,South,Bengaluru,Education
C1491,Customer 1491,SMB,R03,South,Bengaluru,Technology
C1492,Customer 1492,SMB,R03,South,Bengaluru,Healthcare
C1493,Customer 1493,Enterprise,R03,South,Bengaluru,Education
C1494,Customer 1494,SMB,R05,Central,Indore,Healthcare
C1495,Customer 1495,Enterprise,R04,East,Kolkata,Healthcare
C1496,Customer 1496,Enterprise,R05,Central,Indore,Healthcare
C1497,Customer 1497,SMB,R04,East,Kolkata,Healthcare
C1498,Customer 1498,SMB,R02,West,Mumbai,Manufacturing
C1499,Customer 1499,Mid-Market,R03,South,Bengaluru,Healthcare
C1500,Customer 1500,SMB,R03,South,Bengaluru,Education
C1501,Customer 1501,Mid-Market,R05,Central,Indore,Healthcare
C1502,Customer 1502,SMB,R01,North,Delhi,Education
C1503,Customer 1503,Enterprise,R03,South,Bengaluru,Technology
C1504,Customer 1504,SMB,R02,West,Mumbai,Healthcare
C1505,Customer 1505,Enterprise,R01,North,Delhi,Healthcare
C1506,Customer 1506,Enterprise,R02,West,Mumbai,Manufacturing
C1507,Customer 1507,Enterprise,R05,Central,Indore,Healthcare
C1508,Customer 1508,Enterprise,R05,Central,Indore,Education
C1509,Customer 1509,Mid-Market,R04,East,Kolkata,Manufacturing
C1510,Customer 1510,Mid-Market,R01,North,Delhi,Manufacturing
C1511,Customer 1511,Mid-Market,R01,North,Delhi,Healthcare
C1512,Customer 1512,SMB,R03,South,Bengaluru,Technology
C1513,Customer 1513,Enterprise,R03,South,Bengaluru,Technology
C1514,Customer 1514,SMB,R03,South,Bengaluru,Manufacturing
C1515,Customer 1515,Enterprise,R05,Central,Indore,Retail
C1516,Customer 1516,Enterprise,R03,South,Bengaluru,Retail
C1517,Customer 1517,Mid-Market,R01,North,Delhi,Technology
C1518,Customer 1518,SMB,R03,South,Bengaluru,Manufacturing
C1519,Customer 1519,Enterprise,R01,North,Delhi,Manufacturing
C1520,Customer 1520,Enterprise,R02,West,Mumbai,Retail
C1521,Customer 1521,Mid-Market,R05,Central,Indore,Technology
C1522,Customer 1522,Mid-Market,R04,East,Kolkata,Retail
C1523,Customer 1523,Enterprise,R03,South,Bengaluru,Manufacturing
C1524,Customer 1524,Mid-Market,R04,East,Kolkata,Healthcare
C1525,Customer 1525,Mid-Market,R04,East,Kolkata,Education
C1526,Customer 1526,Mid-Market,R05,Central,Indore,Education
C1527,Customer 1527,Mid-Market,R01,North,Delhi,Technology
C1528,Customer 1528,Mid-Market,R04,East,Kolkata,Technology
C1529,Customer 1529,Enterprise,R03,South,Bengaluru,Manufacturing
C1530,Customer 1530,Mid-Market,R05,Central,Indore,Retail
C1531,Customer 1531,Enterprise,R04,East,Kolkata,Healthcare
C1532,Customer 1532,Enterprise,R05,Central,Indore,Healthcare
C1533,Customer 1533,Enterprise,R05,Central,Indore,Retail
C1534,Customer 1534,Enterprise,R03,South,Bengaluru,Manufacturing
C1535,Customer 1535,Mid-Market,R05,Central,Indore,Retail
C1536,Customer 1536,Enterprise,R01,North,Delhi,Education
C1537,Customer 1537,Enterprise,R04,East,Kolkata,Education
C1538,Customer 1538,SMB,R04,East,Kolkata,Retail
C1539,Customer 1539,Mid-Market,R02,West,Mumbai,Education
C1540,Customer 1540,Mid-Market,R03,South,Bengaluru,Healthcare
C1541,Customer 1541,Mid-Market,R02,West,Mumbai,Manufacturing
C1542,Customer 1542,Mid-Market,R02,West,Mumbai,Healthcare
C1543,Customer 1543,Mid-Market,R04,East,Kolkata,Technology
C1544,Customer 1544,Enterprise,R04,East,Kolkata,Education
C1545,Customer 1545,Enterprise,R04,East,Kolkata,Education
C1546,Customer 1546,Enterprise,R01,North,Delhi,Healthcare
C1547,Customer 1547,Mid-Market,R05,Central,Indore,Manufacturing
C1548,Customer 1548,Enterprise,R02,West,Mumbai,Manufacturing
C1549,Customer 1549,SMB,R01,North,Delhi,Education
C1550,Customer 1550,SMB,R04,East,Kolkata,Technology
C1551,Customer 1551,Enterprise,R04,East,Kolkata,Technology
C1552,Customer 1552,Enterprise,R02,West,Mumbai,Healthcare
C1553,Customer 1553,Mid-Market,R04,East,Kolkata,Education
C1554,Customer 1554,Mid-Market,R02,West,Mumbai,Healthcare
C1555,Customer 1555,Mid-Market,R04,East,Kolkata,Retail
C1556,Customer 1556,Enterprise,R01,North,Delhi,Technology
C1557,Customer 1557,Enterprise,R01,North,Delhi,Technology
C1558,Customer 1558,Mid-Market,R05,Central,Indore,Retail
C1559,Customer 1559,SMB,R05,Central,Indore,Technology
C1560,Customer 1560,SMB,R03,South,Bengaluru,Technology
C1561,Customer 1561,SMB,R05,Central,Indore,Retail
C1562,Customer 1562,Mid-Market,R04,East,Kolkata,Healthcare
C1563,Customer 1563,Mid-Market,R05,Central,Indore,Education
C1564,Customer 1564,Enterprise,R01,North,Delhi,Manufacturing
C1565,Customer 1565,Mid-Market,R04,East,Kolkata,Healthcare
C1566,Customer 1566,Enterprise,R04,East,Kolkata,Retail
C1567,Customer 1567,Mid-Market,R03,South,Bengaluru,Manufacturing
C1568,Customer 1568,SMB,R03,South,Bengaluru,Education
C1569,Customer 1569,SMB,R05,Central,Indore,Retail
C1570,Customer 1570,Mid-Market,R05,Central,Indore,Healthcare
C1571,Customer 1571,SMB,R05,Central,Indore,Manufacturing
C1572,Customer 1572,Mid-Market,R02,West,Mumbai,Manufacturing
C1573,Customer 1573,Enterprise,R04,East,Kolkata,Retail
C1574,Customer 1574,Enterprise,R05,Central,Indore,Manufacturing
C1575,Customer 1575,Mid-Market,R05,Central,Indore,Healthcare
C1576,Customer 1576,Enterprise,R04,East,Kolkata,Education
C1577,Customer 1577,Mid-Market,R02,West,Mumbai,Education
C1578,Customer 1578,Mid-Market,R01,North,Delhi,Healthcare
C1579,Customer 1579,Enterprise,R02,West,Mumbai,Healthcare
C1580,Customer 1580,SMB,R04,East,Kolkata,Healthcare
C1581,Customer 1581,Enterprise,R05,Central,Indore,Education
C1582,Customer 1582,SMB,R04,East,Kolkata,Retail
C1583,Customer 1583,Mid-Market,R05,Central,Indore,Manufacturing
C1584,Customer 1584,SMB,R04,East,Kolkata,Education
C1585,Customer 1585,Mid-Market,R02,West,Mumbai,Retail
C1586,Customer 1586,SMB,R04,East,Kolkata,Retail
C1587,Customer 1587,SMB,R04,East,Kolkata,Retail
C1588,Customer 1588,SMB,R05,Central,Indore,Technology
C1589,Customer 1589,Enterprise,R02,West,Mumbai,Education
C1590,Customer 1590,Mid-Market,R03,South,Bengaluru,Healthcare
C1591,Customer 1591,Enterprise,R05,Central,Indore,Education
C1592,Customer 1592,SMB,R01,North,Delhi,Education
C1593,Customer 1593,Mid-Market,R02,West,Mumbai,Technology
C1594,Customer 1594,Mid-Market,R01,North,Delhi,Education
C1595,Customer 1595,SMB,R02,West,Mumbai,Technology
C1596,Customer 1596,Enterprise,R05,Central,Indore,Education
C1597,Customer 1597,Enterprise,R05,Central,Indore,Retail
C1598,Customer 1598,Enterprise,R03,South,Bengaluru,Retail
C1599,Customer 1599,Mid-Market,R04,East,Kolkata,Manufacturing
C1600,Customer 1600,Enterprise,R05,Central,Indore,Manufacturing
C1601,Customer 1601,SMB,R01,North,Delhi,Manufacturing
C1602,Customer 1602,Mid-Market,R01,North,Delhi,Retail
C1603,Customer 1603,Enterprise,R04,East,Kolkata,Healthcare
C1604,Customer 1604,SMB,R02,West,Mumbai,Manufacturing
C1605,Customer 1605,SMB,R01,North,Delhi,Retail
C1606,Customer 1606,Enterprise,R01,North,Delhi,Manufacturing
C1607,Customer 1607,Enterprise,R01,North,Delhi,Technology
C1608,Customer 1608,Enterprise,R03,South,Bengaluru,Healthcare
C1609,Customer 1609,SMB,R01,North,Delhi,Technology
C1610,Customer 1610,SMB,R05,Central,Indore,Education
C1611,Customer 1611,Mid-Market,R02,West,Mumbai,Education
C1612,Customer 1612,Enterprise,R05,Central,Indore,Retail
C1613,Customer 1613,Enterprise,R01,North,Delhi,Healthcare
C1614,Customer 1614,SMB,R03,South,Bengaluru,Education
C1615,Customer 1615,Mid-Market,R03,South,Bengaluru,Healthcare
C1616,Customer 1616,Enterprise,R04,East,Kolkata,Retail
C1617,Customer 1617,Mid-Market,R03,South,Bengaluru,Manufacturing
C1618,Customer 1618,Mid-Market,R02,West,Mumbai,Education
C1619,Customer 1619,Mid-Market,R03,South,Bengaluru,Technology
C1620,Customer 1620,Enterprise,R01,North,Delhi,Manufacturing
C1621,Customer 1621,SMB,R02,West,Mumbai,Manufacturing
C1622,Customer 1622,SMB,R02,West,Mumbai,Retail
C1623,Customer 1623,Enterprise,R04,East,Kolkata,Manufacturing
C1624,Customer 1624,Mid-Market,R03,South,Bengaluru,Manufacturing
C1625,Customer 1625,Mid-Market,R03,South,Bengaluru,Healthcare
C1626,Customer 1626,SMB,R04,East,Kolkata,Technology
C1627,Customer 1627,SMB,R02,West,Mumbai,Manufacturing
C1628,Customer 1628,Mid-Market,R02,West,Mumbai,Manufacturing
C1629,Customer 1629,SMB,R03,South,Bengaluru,Manufacturing
C1630,Customer 1630,SMB,R05,Central,Indore,Technology
C1631,Customer 1631,Mid-Market,R03,South,Bengaluru,Technology
C1632,Customer 1632,Mid-Market,R01,North,Delhi,Manufacturing
C1633,Customer 1633,Enterprise,R02,West,Mumbai,Healthcare
C1634,Customer 1634,Enterprise,R05,Central,Indore,Technology
C1635,Customer 1635,SMB,R03,South,Bengaluru,Healthcare
C1636,Customer 1636,SMB,R04,East,Kolkata,Education
C1637,Customer 1637,Mid-Market,R04,East,Kolkata,Technology
C1638,Customer 1638,Enterprise,R02,West,Mumbai,Manufacturing
C1639,Customer 1639,Mid-Market,R01,North,Delhi,Retail
C1640,Customer 1640,Mid-Market,R02,West,Mumbai,Healthcare
C1641,Customer 1641,SMB,R02,West,Mumbai,Retail
C1642,Customer 1642,SMB,R04,East,Kolkata,Manufacturing
C1643,Customer 1643,Mid-Market,R05,Central,Indore,Education
C1644,Customer 1644,Mid-Market,R01,North,Delhi,Education
C1645,Customer 1645,Mid-Market,R02,West,Mumbai,Manufacturing
C1646,Customer 1646,SMB,R01,North,Delhi,Retail
C1647,Customer 1647,SMB,R02,West,Mumbai,Retail
C1648,Customer 1648,Enterprise,R03,South,Bengaluru,Manufacturing
C1649,Customer 1649,Mid-Market,R03,South,Bengaluru,Education
C1650,Customer 1650,Enterprise,R04,East,Kolkata,Healthcare
C1651,Customer 1651,Mid-Market,R02,West,Mumbai,Retail
C1652,Customer 1652,SMB,R04,East,Kolkata,Healthcare
C1653,Customer 1653,SMB,R05,Central,Indore,Technology
C1654,Customer 1654,SMB,R05,Central,Indore,Education
C1655,Customer 1655,SMB,R03,South,Bengaluru,Education
C1656,Customer 1656,SMB,R05,Central,Indore,Healthcare
C1657,Customer 1657,SMB,R02,West,Mumbai,Manufacturing
C1658,Customer 1658,Mid-Market,R03,South,Bengaluru,Healthcare
C1659,Customer 1659,Enterprise,R04,East,Kolkata,Technology
C1660,Customer 1660,Enterprise,R05,Central,Indore,Education
C1661,Customer 1661,Mid-Market,R05,Central,Indore,Manufacturing
C1662,Customer 1662,Mid-Market,R02,West,Mumbai,Retail
C1663,Customer 1663,SMB,R02,West,Mumbai,Technology
C1664,Customer 1664,SMB,R04,East,Kolkata,Manufacturing
C1665,Customer 1665,Enterprise,R01,North,Delhi,Education
C1666,Customer 1666,SMB,R01,North,Delhi,Retail
C1667,Customer 1667,Mid-Market,R02,West,Mumbai,Technology
C1668,Customer 1668,Enterprise,R05,Central,Indore,Retail
C1669,Customer 1669,SMB,R03,South,Bengaluru,Retail
C1670,Customer 1670,Mid-Market,R01,North,Delhi,Technology
C1671,Customer 1671,SMB,R05,Central,Indore,Retail
C1672,Customer 1672,Mid-Market,R05,Central,Indore,Healthcare
C1673,Customer 1673,Enterprise,R05,Central,Indore,Education
C1674,Customer 1674,SMB,R03,South,Bengaluru,Retail
C1675,Customer 1675,Enterprise,R05,Central,Indore,Manufacturing
C1676,Customer 1676,Mid-Market,R05,Central,Indore,Technology
C1677,Customer 1677,Enterprise,R01,North,Delhi,Retail
C1678,Customer 1678,Mid-Market,R02,West,Mumbai,Education
C1679,Customer 1679,Mid-Market,R02,West,Mumbai,Healthcare
C1680,Customer 1680,Mid-Market,R02,West,Mumbai,Manufacturing
C1681,Customer 1681,SMB,R01,North,Delhi,Education
C1682,Customer 1682,Enterprise,R04,East,Kolkata,Healthcare
C1683,Customer 1683,Enterprise,R03,South,Bengaluru,Manufacturing
C1684,Customer 1684,SMB,R03,South,Bengaluru,Healthcare
C1685,Customer 1685,Enterprise,R03,South,Bengaluru,Technology
C1686,Customer 1686,SMB,R04,East,Kolkata,Education
C1687,Customer 1687,Enterprise,R01,North,Delhi,Healthcare
C1688,Customer 1688,SMB,R02,West,Mumbai,Healthcare
C1689,Customer 1689,SMB,R04,East,Kolkata,Technology
C1690,Customer 1690,Enterprise,R05,Central,Indore,Manufacturing
C1691,Customer 1691,Mid-Market,R03,South,Bengaluru,Manufacturing
C1692,Customer 1692,Mid-Market,R05,Central,Indore,Manufacturing
C1693,Customer 1693,Mid-Market,R05,Central,Indore,Healthcare
C1694,Customer 1694,Enterprise,R03,South,Bengaluru,Retail
C1695,Customer 1695,Mid-Market,R05,Central,Indore,Manufacturing
C1696,Customer 1696,Enterprise,R03,South,Bengaluru,Technology
C1697,Customer 1697,SMB,R05,Central,Indore,Healthcare
C1698,Customer 1698,Mid-Market,R02,West,Mumbai,Technology
C1699,Customer 1699,SMB,R02,West,Mumbai,Education
C1700,Customer 1700,Enterprise,R05,Central,Indore,Manufacturing
C1701,Customer 1701,Enterprise,R02,West,Mumbai,Education
C1702,Customer 1702,Mid-Market,R05,Central,Indore,Technology
C1703,Customer 1703,Mid-Market,R05,Central,Indore,Manufacturing
C1704,Customer 1704,SMB,R04,East,Kolkata,Technology
C1705,Customer 1705,Enterprise,R02,West,Mumbai,Technology
C1706,Customer 1706,SMB,R01,North,Delhi,Technology
C1707,Customer 1707,Mid-Market,R04,East,Kolkata,Healthcare
C1708,Customer 1708,Mid-Market,R03,South,Bengaluru,Healthcare
C1709,Customer 1709,SMB,R03,South,Bengaluru,Manufacturing
C1710,Customer 1710,SMB,R04,East,Kolkata,Retail
C1711,Customer 1711,SMB,R03,South,Bengaluru,Healthcare
C1712,Customer 1712,Mid-Market,R01,North,Delhi,Healthcare
C1713,Customer 1713,Enterprise,R05,Central,Indore,Technology
C1714,Customer 1714,SMB,R03,South,Bengaluru,Manufacturing
C1715,Customer 1715,Enterprise,R04,East,Kolkata,Retail
C1716,Customer 1716,SMB,R02,West,Mumbai,Healthcare
C1717,Customer 1717,SMB,R01,North,Delhi,Technology
C1718,Customer 1718,SMB,R03,South,Bengaluru,Education
C1719,Customer 1719,Enterprise,R04,East,Kolkata,Retail
C1720,Customer 1720,Mid-Market,R04,East,Kolkata,Education
C1721,Customer 1721,Mid-Market,R01,North,Delhi,Technology
C1722,Customer 1722,Mid-Market,R01,North,Delhi,Technology
C1723,Customer 1723,SMB,R01,North,Delhi,Healthcare
C1724,Customer 1724,Mid-Market,R04,East,Kolkata,Technology
C1725,Customer 1725,Enterprise,R03,South,Bengaluru,Healthcare
C1726,Customer 1726,SMB,R05,Central,Indore,Education
C1727,Customer 1727,Mid-Market,R01,North,Delhi,Technology
C1728,Customer 1728,SMB,R04,East,Kolkata,Technology
C1729,Customer 1729,Mid-Market,R02,West,Mumbai,Healthcare
C1730,Customer 1730,SMB,R03,South,Bengaluru,Healthcare
C1731,Customer 1731,Enterprise,R02,West,Mumbai,Education
C1732,Customer 1732,Mid-Market,R03,South,Bengaluru,Retail
C1733,Customer 1733,Enterprise,R04,East,Kolkata,Technology
C1734,Customer 1734,SMB,R04,East,Kolkata,Manufacturing
C1735,Customer 1735,Mid-Market,R02,West,Mumbai,Healthcare
C1736,Customer 1736,Enterprise,R03,South,Bengaluru,Manufacturing
C1737,Customer 1737,SMB,R04,East,Kolkata,Healthcare
C1738,Customer 1738,Enterprise,R01,North,Delhi,Education
C1739,Customer 1739,SMB,R01,North,Delhi,Education
C1740,Customer 1740,Mid-Market,R02,West,Mumbai,Education
C1741,Customer 1741,SMB,R04,East,Kolkata,Technology
C1742,Customer 1742,SMB,R05,Central,Indore,Education
C1743,Customer 1743,Enterprise,R05,Central,Indore,Manufacturing
C1744,Customer 1744,Enterprise,R04,East,Kolkata,Education
C1745,Customer 1745,SMB,R02,West,Mumbai,Education
C1746,Customer 1746,Enterprise,R03,South,Bengaluru,Manufacturing
C1747,Customer 1747,SMB,R05,Central,Indore,Manufacturing
C1748,Customer 1748,Mid-Market,R02,West,Mumbai,Technology
C1749,Customer 1749,Mid-Market,R05,Central,Indore,Manufacturing
C1750,Customer 1750,Enterprise,R05,Central,Indore,Technology
C1751,Customer 1751,Enterprise,R05,Central,Indore,Education
C1752,Customer 1752,Mid-Market,R04,East,Kolkata,Manufacturing
C1753,Customer 1753,Enterprise,R04,East,Kolkata,Manufacturing
C1754,Customer 1754,Enterprise,R01,North,Delhi,Healthcare
C1755,Customer 1755,Mid-Market,R03,South,Bengaluru,Manufacturing
C1756,Customer 1756,SMB,R01,North,Delhi,Manufacturing
C1757,Customer 1757,Mid-Market,R02,West,Mumbai,Education
C1758,Customer 1758,Enterprise,R04,East,Kolkata,Healthcare
C1759,Customer 1759,Mid-Market,R05,Central,Indore,Technology
C1760,Customer 1760,SMB,R04,East,Kolkata,Manufacturing
C1761,Customer 1761,SMB,R02,West,Mumbai,Technology
C1762,Customer 1762,Mid-Market,R01,North,Delhi,Manufacturing
C1763,Customer 1763,Mid-Market,R03,South,Bengaluru,Healthcare
C1764,Customer 1764,SMB,R01,North,Delhi,Education
C1765,Customer 1765,Enterprise,R03,South,Bengaluru,Education
C1766,Customer 1766,Enterprise,R02,West,Mumbai,Manufacturing
C1767,Customer 1767,Mid-Market,R02,West,Mumbai,Technology
C1768,Customer 1768,SMB,R04,East,Kolkata,Education
C1769,Customer 1769,SMB,R03,South,Bengaluru,Healthcare
C1770,Customer 1770,Enterprise,R05,Central,Indore,Technology
C1771,Customer 1771,Enterprise,R02,West,Mumbai,Retail
C1772,Customer 1772,Enterprise,R01,North,Delhi,Manufacturing
C1773,Customer 1773,Enterprise,R01,North,Delhi,Manufacturing
C1774,Customer 1774,Mid-Market,R05,Central,Indore,Technology
C1775,Customer 1775,Enterprise,R02,West,Mumbai,Technology
C1776,Customer 1776,Mid-Market,R03,South,Bengaluru,Healthcare
C1777,Customer 1777,SMB,R03,South,Bengaluru,Healthcare
C1778,Customer 1778,Enterprise,R04,East,Kolkata,Technology
C1779,Customer 1779,SMB,R03,South,Bengaluru,Technology
C1780,Customer 1780,Mid-Market,R01,North,Delhi,Manufacturing
C1781,Customer 1781,Mid-Market,R04,East,Kolkata,Manufacturing
C1782,Customer 1782,SMB,R01,North,Delhi,Technology
C1783,Customer 1783,Mid-Market,R04,East,Kolkata,Retail
C1784,Customer 1784,SMB,R05,Central,Indore,Technology
C1785,Customer 1785,Mid-Market,R05,Central,Indore,Education
C1786,Customer 1786,Mid-Market,R01,North,Delhi,Healthcare
C1787,Customer 1787,SMB,R03,South,Bengaluru,Technology
C1788,Customer 1788,SMB,R02,West,Mumbai,Technology
C1789,Customer 1789,SMB,R04,East,Kolkata,Manufacturing
C1790,Customer 1790,SMB,R02,West,Mumbai,Technology
C1791,Customer 1791,Mid-Market,R01,North,Delhi,Manufacturing
C1792,Customer 1792,Mid-Market,R04,East,Kolkata,Retail
C1793,Customer 1793,Mid-Market,R03,South,Bengaluru,Healthcare
C1794,Customer 1794,Enterprise,R02,West,Mumbai,Retail
C1795,Customer 1795,SMB,R02,West,Mumbai,Manufacturing
C1796,Customer 1796,SMB,R05,Central,Indore,Education
C1797,Customer 1797,Mid-Market,R02,West,Mumbai,Education
C1798,Customer 1798,Mid-Market,R02,West,Mumbai,Technology
C1799,Customer 1799,Mid-Market,R02,West,Mumbai,Manufacturing
C1800,Customer 1800,Mid-Market,R05,Central,Indore,Education
C1801,Customer 1801,SMB,R04,East,Kolkata,Retail
C1802,Customer 1802,Mid-Market,R05,Central,Indore,Healthcare
C1803,Customer 1803,Enterprise,R05,Central,Indore,Healthcare
C1804,Customer 1804,SMB,R05,Central,Indore,Healthcare
C1805,Customer 1805,SMB,R04,East,Kolkata,Education
C1806,Customer 1806,Enterprise,R05,Central,Indore,Manufacturing
C1807,Customer 1807,SMB,R01,North,Delhi,Manufacturing
C1808,Customer 1808,SMB,R02,West,Mumbai,Education
C1809,Customer 1809,Enterprise,R03,South,Bengaluru,Healthcare
C1810,Customer 1810,SMB,R03,South,Bengaluru,Education
C1811,Customer 1811,SMB,R03,South,Bengaluru,Manufacturing
C1812,Customer 1812,Mid-Market,R03,South,Bengaluru,Education
C1813,Customer 1813,Enterprise,R03,South,Bengaluru,Education
C1814,Customer 1814,SMB,R01,North,Delhi,Retail
C1815,Customer 1815,SMB,R02,West,Mumbai,Education
C1816,Customer 1816,Enterprise,R04,East,Kolkata,Retail
C1817,Customer 1817,Enterprise,R01,North,Delhi,Healthcare
C1818,Customer 1818,SMB,R03,South,Bengaluru,Technology
C1819,Customer 1819,Mid-Market,R03,South,Bengaluru,Healthcare
C1820,Customer 1820,Enterprise,R01,North,Delhi,Technology
C1821,Customer 1821,Enterprise,R05,Central,Indore,Retail
C1822,Customer 1822,Mid-Market,R01,North,Delhi,Education
C1823,Customer 1823,Mid-Market,R04,East,Kolkata,Education
C1824,Customer 1824,SMB,R03,South,Bengaluru,Healthcare
C1825,Customer 1825,Enterprise,R04,East,Kolkata,Education
C1826,Customer 1826,SMB,R03,South,Bengaluru,Manufacturing
C1827,Customer 1827,Enterprise,R01,North,Delhi,Manufacturing
C1828,Customer 1828,Mid-Market,R03,South,Bengaluru,Healthcare
C1829,Customer 1829,SMB,R03,South,Bengaluru,Healthcare
C1830,Customer 1830,SMB,R05,Central,Indore,Manufacturing
C1831,Customer 1831,Mid-Market,R01,North,Delhi,Manufacturing
C1832,Customer 1832,Enterprise,R04,East,Kolkata,Education
C1833,Customer 1833,Mid-Market,R05,Central,Indore,Healthcare
C1834,Customer 1834,Mid-Market,R03,South,Bengaluru,Technology
C1835,Customer 1835,Mid-Market,R03,South,Bengaluru,Healthcare
C1836,Customer 1836,SMB,R05,Central,Indore,Manufacturing
C1837,Customer 1837,Enterprise,R03,South,Bengaluru,Healthcare
C1838,Customer 1838,Enterprise,R04,East,Kolkata,Healthcare
C1839,Customer 1839,Mid-Market,R02,West,Mumbai,Healthcare
C1840,Customer 1840,Mid-Market,R03,South,Bengaluru,Technology
C1841,Customer 1841,Enterprise,R03,South,Bengaluru,Manufacturing
C1842,Customer 1842,Mid-Market,R01,North,Delhi,Manufacturing
C1843,Customer 1843,Enterprise,R01,North,Delhi,Healthcare
C1844,Customer 1844,Mid-Market,R04,East,Kolkata,Healthcare
C1845,Customer 1845,SMB,R05,Central,Indore,Manufacturing
C1846,Customer 1846,Mid-Market,R02,West,Mumbai,Manufacturing
C1847,Customer 1847,Enterprise,R03,South,Bengaluru,Education
C1848,Customer 1848,Mid-Market,R05,Central,Indore,Education
C1849,Customer 1849,SMB,R01,North,Delhi,Retail
C1850,Customer 1850,Mid-Market,R05,Central,Indore,Retail
C1851,Customer 1851,Mid-Market,R04,East,Kolkata,Manufacturing
C1852,Customer 1852,SMB,R03,South,Bengaluru,Technology
C1853,Customer 1853,Mid-Market,R03,South,Bengaluru,Retail
C1854,Customer 1854,Enterprise,R05,Central,Indore,Technology
C1855,Customer 1855,Enterprise,R04,East,Kolkata,Retail
C1856,Customer 1856,SMB,R02,West,Mumbai,Education
C1857,Customer 1857,SMB,R03,South,Bengaluru,Manufacturing
C1858,Customer 1858,Mid-Market,R03,South,Bengaluru,Manufacturing
C1859,Customer 1859,Enterprise,R01,North,Delhi,Manufacturing
C1860,Customer 1860,SMB,R05,Central,Indore,Retail
C1861,Customer 1861,Mid-Market,R03,South,Bengaluru,Technology
C1862,Customer 1862,Enterprise,R03,South,Bengaluru,Education
C1863,Customer 1863,Mid-Market,R04,East,Kolkata,Retail
C1864,Customer 1864,Enterprise,R02,West,Mumbai,Retail
C1865,Customer 1865,SMB,R02,West,Mumbai,Retail
C1866,Customer 1866,Mid-Market,R02,West,Mumbai,Retail
C1867,Customer 1867,Mid-Market,R05,Central,Indore,Healthcare
C1868,Customer 1868,SMB,R04,East,Kolkata,Retail
C1869,Customer 1869,SMB,R04,East,Kolkata,Manufacturing
C1870,Customer 1870,SMB,R02,West,Mumbai,Manufacturing
C1871,Customer 1871,Mid-Market,R03,South,Bengaluru,Technology
C1872,Customer 1872,SMB,R04,East,Kolkata,Technology
C1873,Customer 1873,SMB,R01,North,Delhi,Healthcare
C1874,Customer 1874,Enterprise,R05,Central,Indore,Manufacturing
C1875,Customer 1875,Enterprise,R02,West,Mumbai,Healthcare
C1876,Customer 1876,Mid-Market,R03,South,Bengaluru,Retail
C1877,Customer 1877,SMB,R02,West,Mumbai,Healthcare
C1878,Customer 1878,Enterprise,R03,South,Bengaluru,Manufacturing
C1879,Customer 1879,SMB,R05,Central,Indore,Technology
C1880,Customer 1880,Mid-Market,R01,North,Delhi,Healthcare
C1881,Customer 1881,Mid-Market,R02,West,Mumbai,Manufacturing
C1882,Customer 1882,Mid-Market,R02,West,Mumbai,Education
C1883,Customer 1883,SMB,R05,Central,Indore,Technology
C1884,Customer 1884,Enterprise,R02,West,Mumbai,Technology
C1885,Customer 1885,Mid-Market,R05,Central,Indore,Manufacturing
C1886,Customer 1886,SMB,R03,South,Bengaluru,Technology
C1887,Customer 1887,Mid-Market,R05,Central,Indore,Retail
C1888,Customer 1888,SMB,R02,West,Mumbai,Technology
C1889,Customer 1889,Mid-Market,R05,Central,Indore,Healthcare
C1890,Customer 1890,Mid-Market,R01,North,Delhi,Education
C1891,Customer 1891,Enterprise,R04,East,Kolkata,Education
C1892,Customer 1892,Enterprise,R01,North,Delhi,Education
C1893,Customer 1893,Enterprise,R02,West,Mumbai,Education
C1894,Customer 1894,Mid-Market,R04,East,Kolkata,Technology
C1895,Customer 1895,Enterprise,R03,South,Bengaluru,Healthcare
C1896,Customer 1896,Mid-Market,R02,West,Mumbai,Education
C1897,Customer 1897,SMB,R02,West,Mumbai,Manufacturing
C1898,Customer 1898,Enterprise,R03,South,Bengaluru,Technology
C1899,Customer 1899,Enterprise,R03,South,Bengaluru,Technology
C1900,Customer 1900,SMB,R04,East,Kolkata,Technology
C1901,Customer 1901,Mid-Market,R05,Central,Indore,Technology
C1902,Customer 1902,Enterprise,R04,East,Kolkata,Technology
C1903,Customer 1903,Enterprise,R01,North,Delhi,Retail
C1904,Customer 1904,Enterprise,R05,Central,Indore,Healthcare
C1905,Customer 1905,Enterprise,R04,East,Kolkata,Retail
C1906,Customer 1906,Mid-Market,R01,North,Delhi,Education
C1907,Customer 1907,Enterprise,R05,Central,Indore,Education
C1908,Customer 1908,SMB,R02,West,Mumbai,Healthcare
C1909,Customer 1909,Enterprise,R02,West,Mumbai,Technology
C1910,Customer 1910,Enterprise,R05,Central,Indore,Healthcare
C1911,Customer 1911,Mid-Market,R03,South,Bengaluru,Manufacturing
C1912,Customer 1912,Enterprise,R05,Central,Indore,Healthcare
C1913,Customer 1913,Enterprise,R04,East,Kolkata,Education
C1914,Customer 1914,Enterprise,R05,Central,Indore,Healthcare
C1915,Customer 1915,Enterprise,R02,West,Mumbai,Manufacturing
C1916,Customer 1916,SMB,R03,South,Bengaluru,Healthcare
C1917,Customer 1917,Enterprise,R05,Central,Indore,Education
C1918,Customer 1918,SMB,R03,South,Bengaluru,Manufacturing
C1919,Customer 1919,SMB,R05,Central,Indore,Retail
C1920,Customer 1920,SMB,R02,West,Mumbai,Retail
C1921,Customer 1921,SMB,R05,Central,Indore,Technology
C1922,Customer 1922,Mid-Market,R03,South,Bengaluru,Retail
C1923,Customer 1923,Mid-Market,R01,North,Delhi,Manufacturing
C1924,Customer 1924,SMB,R01,North,Delhi,Manufacturing
C1925,Customer 1925,Mid-Market,R02,West,Mumbai,Retail
C1926,Customer 1926,SMB,R04,East,Kolkata,Healthcare
C1927,Customer 1927,Enterprise,R05,Central,Indore,Retail
C1928,Customer 1928,Mid-Market,R02,West,Mumbai,Education
C1929,Customer 1929,Mid-Market,R03,South,Bengaluru,Manufacturing
C1930,Customer 1930,Enterprise,R02,West,Mumbai,Manufacturing
C1931,Customer 1931,Enterprise,R01,North,Delhi,Healthcare
C1932,Customer 1932,SMB,R01,North,Delhi,Manufacturing
C1933,Customer 1933,Mid-Market,R01,North,Delhi,Healthcare
C1934,Customer 1934,Mid-Market,R02,West,Mumbai,Education
C1935,Customer 1935,SMB,R05,Central,Indore,Retail
C1936,Customer 1936,Mid-Market,R04,East,Kolkata,Technology
C1937,Customer 1937,Mid-Market,R02,West,Mumbai,Technology
C1938,Customer 1938,Mid-Market,R05,Central,Indore,Manufacturing
C1939,Customer 1939,Mid-Market,R05,Central,Indore,Retail
C1940,Customer 1940,Enterprise,R03,South,Bengaluru,Healthcare
C1941,Customer 1941,Mid-Market,R05,Central,Indore,Education
C1942,Customer 1942,SMB,R04,East,Kolkata,Retail
C1943,Customer 1943,Enterprise,R03,South,Bengaluru,Healthcare
C1944,Customer 1944,Enterprise,R02,West,Mumbai,Manufacturing
C1945,Customer 1945,Enterprise,R04,East,Kolkata,Retail
C1946,Customer 1946,Enterprise,R03,South,Bengaluru,Manufacturing
C1947,Customer 1947,Mid-Market,R05,Central,Indore,Retail
C1948,Customer 1948,Mid-Market,R05,Central,Indore,Healthcare
C1949,Customer 1949,Enterprise,R02,West,Mumbai,Healthcare
C1950,Customer 1950,Mid-Market,R05,Central,Indore,Manufacturing
C1951,Customer 1951,Enterprise,R04,East,Kolkata,Manufacturing
C1952,Customer 1952,Mid-Market,R05,Central,Indore,Manufacturing
C1953,Customer 1953,Mid-Market,R05,Central,Indore,Education
C1954,Customer 1954,SMB,R01,North,Delhi,Retail
C1955,Customer 1955,Enterprise,R03,South,Bengaluru,Healthcare
C1956,Customer 1956,Enterprise,R03,South,Bengaluru,Education
C1957,Customer 1957,Mid-Market,R03,South,Bengaluru,Retail
C1958,Customer 1958,SMB,R05,Central,Indore,Healthcare
C1959,Customer 1959,Mid-Market,R05,Central,Indore,Healthcare
C1960,Customer 1960,Mid-Market,R03,South,Bengaluru,Technology
C1961,Customer 1961,Enterprise,R04,East,Kolkata,Healthcare
C1962,Customer 1962,SMB,R01,North,Delhi,Education
C1963,Customer 1963,Enterprise,R01,North,Delhi,Education
C1964,Customer 1964,SMB,R02,West,Mumbai,Education
C1965,Customer 1965,Enterprise,R01,North,Delhi,Manufacturing
C1966,Customer 1966,Mid-Market,R05,Central,Indore,Education
C1967,Customer 1967,SMB,R04,East,Kolkata,Manufacturing
C1968,Customer 1968,Mid-Market,R01,North,Delhi,Retail
C1969,Customer 1969,Mid-Market,R02,West,Mumbai,Retail
C1970,Customer 1970,SMB,R03,South,Bengaluru,Education
C1971,Customer 1971,Enterprise,R05,Central,Indore,Technology
C1972,Customer 1972,Enterprise,R03,South,Bengaluru,Education
C1973,Customer 1973,SMB,R03,South,Bengaluru,Healthcare
C1974,Customer 1974,SMB,R02,West,Mumbai,Manufacturing
C1975,Customer 1975,SMB,R05,Central,Indore,Healthcare
C1976,Customer 1976,SMB,R01,North,Delhi,Education
C1977,Customer 1977,Mid-Market,R01,North,Delhi,Healthcare
C1978,Customer 1978,SMB,R02,West,Mumbai,Technology
C1979,Customer 1979,Enterprise,R05,Central,Indore,Healthcare
C1980,Customer 1980,Mid-Market,R01,North,Delhi,Healthcare
C1981,Customer 1981,SMB,R01,North,Delhi,Technology
C1982,Customer 1982,SMB,R03,South,Bengaluru,Technology
C1983,Customer 1983,Enterprise,R04,East,Kolkata,Technology
C1984,Customer 1984,SMB,R02,West,Mumbai,Education
C1985,Customer 1985,Mid-Market,R05,Central,Indore,Education
C1986,Customer 1986,Mid-Market,R02,West,Mumbai,Retail
C1987,Customer 1987,Enterprise,R03,South,Bengaluru,Technology
C1988,Customer 1988,Mid-Market,R02,West,Mumbai,Retail
C1989,Customer 1989,Mid-Market,R04,East,Kolkata,Manufacturing
C1990,Customer 1990,SMB,R04,East,Kolkata,Retail
C1991,Customer 1991,Enterprise,R04,East,Kolkata,Retail
C1992,Customer 1992,SMB,R05,Central,Indore,Technology
C1993,Customer 1993,SMB,R04,East,Kolkata,Healthcare
C1994,Customer 1994,SMB,R01,North,Delhi,Education
C1995,Customer 1995,Enterprise,R04,East,Kolkata,Technology
C1996,Customer 1996,SMB,R02,West,Mumbai,Education
C1997,Customer 1997,Mid-Market,R04,East,Kolkata,Education
C1998,Customer 1998,SMB,R02,West,Mumbai,Retail
C1999,Customer 1999,Enterprise,R03,South,Bengaluru,Retail
C2000,Customer 2000,Enterprise,R05,Central,Indore,Healthcare
